Workbook
Name ChartItem: OFFSET([1]③공정조회!$X$14,0,0,MAX(1,COUNTA([1]③공정조회!$X$14:$X$63)),1)
Name ChartItemVal: OFFSET([1]③공정조회!$Y$14,0,0,MAX(1,COUNTA([1]③공정조회!$X$14:$X$63)),1)
Name ChartWork: OFFSET([1]③공정조회!$U$14,0,0,MAX(1,COUNTA([1]③공정조회!$U$14:$U$63)),1)
Name ChartWorkVal: OFFSET([1]③공정조회!$V$14,0,0,MAX(1,COUNTA([1]③공정조회!$U$14:$U$63)),1)

Sheet SIF DB
A1: 순 | B1: 공종 | C1: 작업명 | D1: 단위작업명 | E1: KOEN 공정 | F1: 기인물 분류(VlookUp) | G1: 기인물 | H1: 구분(12대 기인물 선택) | I1: 위험도 순위 (~12위) | J1: 3년간 사고비중(19~21년) | K1: 재해년월 추출(함수) | L1: 재해년월추출 | M1: 재해월추출 | N1: 혹서기 | O1: 재해형태 | P1: 재해개요 : 재해시기 추출 | Q1: 재해유발요인 재해형태 추출(떨어짐, 추락 등 >> 맨오른쪽 2글자) | R1: 위험성 감소대책(예시)
A2: 11 | B2: 11. 기타 토목공사 | C2: 11.1 부대 토목 작업 | D2: 11.1.1 부대토목 옹벽시공 | E2: YES | F2: 각재(파이프,강관,합판) | G2: 각재(파이프,강관,합판) | H2: 해당없음 | I2: 해당없음 | J2: 해당없음 | K2: 2015년 12월 | L2: 42339 | M2: 12 | N2: 혹한기 | O2: 맞음 | P2: 2015년 12월경 군부대 방호문 설치공사에서 재해자가 보강초 벽체에 각재를 대어 기울어진 보강토 블록 벽체를 바로 세우는 작업 중 굴착기 버킷으로 힘을 가하다 각재가 갑자기 이탈되면서 힘을 가하던 굴착기 버킷에 맞아 사망 | Q2: 보강토 벽체에 각재를 대어 굴삭기 버켓으로 힘을 가하던 과정에서 각재가 갑자기 이탈되면서 타격함 | R2: ▶ 굴삭기 작업시 토사의 굴착, 절토 등 장비용도에 맞게 사용 ▶ 건설기계 제원, 성능, 작업반경 등을 고려하여 작업
A3: 11 | B3: 11. 기타 토목공사 | C3: 11.4 맨홀 및 관부설작업 | D3: 11.4.1 맨홀 및 관부설 굴착 | E3: YES | F3: 각재(파이프,강관,합판) | G3: 각재(파이프,강관,합판) | H3: 해당없음 | I3: 해당없음 | J3: 해당없음 | K3: 2020년 6월경 | L3: 43983 | M3: 6 | N3: 혹서기 | O3: 깔림 뒤집힘 | P3: 2020년 6월경 OOO도 OO군 OOO면 소재 (주)OOOO 자재 야적장에서 재해자가 화물차량(25.5톤) 높이 약 1.7 m 적재함 위에서 크레인(10톤)으로 인양된 강관파이프(하수관거*)를 차량에 적재하던 중, 3단으로 불안정하게 적재된 강관파이프가 붕괴되어 재해자가 야적장 바닥으로 떨어졌으며, 이때 차량 적재함에서 낙하한 강관파이프(약 390kg)에 깔려서 사망한 재해임._x000D_ | Q3: 크레인으로 인양된 강관파이프를 차량에 적재하던 중, 3단으로 불안정하게 적재된 강관파이프가 붕괴되어 강관파이프에 깔림 | R3: ▶ 자재를 야적하는 경우 평탄한 곳에 적재하며 구름방지조치 실시 ▶ 경사면에서 흄관을 고정하기 위해 쐐기 등을 이용 ▶ 강관파이프를 3단이상 등 과도하게 적재 금지
A4: 11 | B4: 11. 기타 토목공사 | C4: 11.4 맨홀 및 관부설작업 | D4: 11.4.2 맨홀 및 관 부설 | E4: YES | F4: 각재(파이프,강관,합판) | G4: 각재(파이프,강관,합판) | H4: 해당없음 | I4: 해당없음 | J4: 해당없음 | K4: 2021년 4월경 | L4: 44287 | M4: 4 | N4: - | O4: 맞음 | P4: 2021년 4월경 OOO도 OO시 OO동 소재 OOOO(주) OOOO 노후 상수관망 정비 공사 현장에서 화물차에 적재되어 있는 주철관을 슬링벨트로 묶어 하역하는 준비 작업 중 주철관이 슬링벨트 밖으로 이탈하며 재해자를 덮쳐 약 1.85m 높이의 차량 측면에서 바닥으로 떨어져 사망한 재해임 | Q4: 관로 정비 공사 현장에서 화물차에 적재되어 있는 주철관을 슬링벨트로 묶어 하역하는 준비 작업 중 주철관이 슬링벨트 밖으로 이탈하며 재해자를 덮침 | R4: ▶ 화물적재 작업 시 최대 적재량 및 한쪽으로 치우치지 않은 적재 등의 조치 준수 ▶ 로프 풀기 작업 전 적재함 주변에 근로자의 통행을 통제한 뒤 하역작업 실시
A5: 12 | B5: 12. 공통공사 | C5: 12.1 철거, 해체 | D5: 12.1.1 철거 및 해체 | E5: YES | F5: 각재(파이프,강관,합판) | G5: 각재(파이프,강관,합판) | H5: 해당없음 | I5: 해당없음 | J5: 해당없음 | K5: 2017년 2월경 | L5: 42767 | M5: 2 | N5: 혹한기 | O5: 깔림 뒤집힘 | P5: 2017년 2월경 OO(주)가 시공하는 OO신축공사 현장에서 철근콘크리트공사 협력업체인 (주)OO건설 소속 재해자가 방음벽 Post(지지대) 해체작업을 하다가 중심을 잃은 방음벽 Post가 재해자 쪽으로 넘어지면서 재해자를 타격하여 사망 | Q5: 해체작업을 하던 중 방음벽 및 배관 등 해체물이 재해자쪽으로 전도되어 맞음, 깔림 | R5: ▶ 해체물, 자재 등 현장 내 존치할 경우 전도방지조치 실시 ▶ 건축물의 해체 작업시 작업반경 내 작업자의 출입 금지조치
A6: 12 | B6: 12. 공통공사 | C6: 12.2 안전가시설 작업 | D6: 12.2.3 안전가시설(비계) | E6: YES | F6: 각재(파이프,강관,합판) | G6: 각재(파이프,강관,합판) | H6: 해당없음 | I6: 해당없음 | J6: 해당없음 | K6: 2017년 2월경 | L6: 42767 | M6: 2 | N6: 혹한기 | O6: 떨어짐 | P6: 2017년 2월경 근린생활시설 신축공사 현장에서 재해자가 2층 외벽 비계 발판 4단위에서 강관 파이프를 상부 발판으로 이동 중 실족 지상 7m 아래 바닥으로 떨어져 사망 | Q6: 가설 울타리의 강관지지대 해체작업 중 기 해체한 수평재를 밟고 바닥으로 추락 | R6: ▶ 비계 해체 작업 등 고소작업 시, 강관지지대로 올라가 작업하는 행위름 금지하고 이동식비계 또는 고소작업대를 사용하여 작업하도록 조치 ▶ 비계 해체 작업 등 고소작업 시, 해체장소가 협소하거나 지형이 가파름 등의 이유로 이동식비계, 고소작업대 등을 사용할 수 없을 경우, 굴삭기 등 건설장비를 사용하여 인명피해가 없도록 조치 후 작업 진행
A7: 12 | B7: 12. 공통공사 | C7: 12.2 안전가시설 작업 | D7: 12.2.3 안전가시설(비계) | E7: YES | F7: 각재(파이프,강관,합판) | G7: 각재(파이프,강관,합판) | H7: 해당없음 | I7: 해당없음 | J7: 해당없음 | K7: 2018년 1월경 | L7: 43101 | M7: 1 | N7: 혹한기 | O7: 떨어짐 | P7: 2018년 1월경 ㈜OO지점이 시공중인 (주)OOO코리아 신사옥 건설공사 현장에서 협력업체 OO건설 소속 재해자(비계공)가 전면부 지상4층 외부 강관비계 작업발판 상부에서 비계기둥 연장설치 작업 중 쓰러지는 강관파이프(6m, 약 15.78kg)와 함께 지상1층 바닥(H≒15m)으로 떨어져 사망 | Q7: 추락방지조치 미흡한 상태에서 지상층 전면부 철골기둥의 비계 외측 수직 강관설치작업을 도와주기 위해 비계 작업발판 상부에서 외측 수직강관 설치작업 중 쓰러지는 강관파이프와 함께 지면으로 추락 | R7: ▶ 추락 위험이 있는 작업 시, 안전방망, 안전난간, 안전대 부착설비 등 안전방호조치 실시 ▶ 작업 전 안전대 지급 및 착용, 체결상태 관리감독자 확인 철저
A8: 12 | B8: 12. 공통공사 | C8: 12.2 안전가시설 작업 | D8: 12.2.3 안전가시설(비계) | E8: YES | F8: 각재(파이프,강관,합판) | G8: 각재(파이프,강관,합판) | H8: 해당없음 | I8: 해당없음 | J8: 해당없음 | K8: 2018년 8월경 | L8: 43313 | M8: 8 | N8: 혹서기 | O8: 떨어짐 | P8: 2018년 8월경 OO 지식산업센터 신축공사 현장에서 재해자가 현장 대지경계선에 설치되어 있던 가설 울타리의 강관지지대 해체를 위해 하단 수평재를 밟고 서서 상단 수평재를 해체하던 중 해체한 수평재와 함께 약 3.5m 바닥에 추락하여 사망 | Q8: 가설 울타리의 강관지지대 해체작업 중 기 해체한 수평재를 밟고 바닥으로 추락 | R8: ▶ 비계 해체 작업 등 고소작업 시, 강관지지대로 올라가 작업하는 행위름 금지하고 이동식비계 또는 고소작업대를 사용하여 작업하도록 조치 ▶ 비계 해체 작업 등 고소작업 시, 해체장소가 협소하거나 지형이 가파름 등의 이유로 이동식비계, 고소작업대 등을 사용할 수 없을 경우, 굴삭기 등 건설장비를 사용하여 인명피해가 없도록 조치 후 작업 진행
A9: 12 | B9: 12. 공통공사 | C9: 12.2 안전가시설 작업 | D9: 12.2.3 안전가시설(비계) | E9: YES | F9: 각재(파이프,강관,합판) | G9: 각재(파이프,강관,합판) | H9: 해당없음 | I9: 해당없음 | J9: 해당없음 | K9: 2019년 1월경 | L9: 43466 | M9: 1 | N9: 혹한기 | O9: 맞음 | P9: 2019년 1월경 OO건설의 지식산업센터 신축공사 현장의 주차타워 내부 비계 위에서 재해자 2명이 타워크레인으로 인양되는 비계재료(강관, 클램프 등)를 받기 위해 신호 및 대기하던 중 지상 14층 주차타워 개구부 단부에 설치된 안전난간에 인양하물이 걸려 기울어지면서 강관파이프 등 비계재료가 줄걸이에서 이탈되어 약 26.8m 아래에 있던 재해자 2명이 떨어지는 비계 재료에 맞거나 피하던 중 지하바닥 등으로 추락하여 사망 | Q9: 적재된 단관비계다발 하역을 위한 화물고정용 섬유벨트 해체 후 비계다발이 차량하부로 낙하하며 근로자 강타 | R9: ▶ 화물적재 작업 시 최대 적재량 및 한쪽으로 치우치지 않은 적재 등의 조치 준수 ▶ 로프 풀기 작업 시 적재함의 화물이 떨어질 위험이 없음을 확인 호 주치 실시
A10: 12 | B10: 12. 공통공사 | C10: 12.2 안전가시설 작업 | D10: 12.2.3 안전가시설(비계) | E10: YES | F10: 각재(파이프,강관,합판) | G10: 각재(파이프,강관,합판) | H10: 해당없음 | I10: 해당없음 | J10: 해당없음 | K10: 2020년 8월경 | L10: 44044 | M10: 8 | N10: 혹서기 | O10: 맞음 | P10: 2020년 8월경 OO공사 현장에서 재해자가 카고트럭 적재함에 적재된 단관비계 다발을 하역하기 위해 짐걸이로 사용했던 화물고정용 섬유벨트(자동바)를 해체하는 순간 상단에 적재되어 있던 단관비계 다발이 차량하부로 떨어지면서(H≒2.3m) 재해자의 상반신(두부 및 흉부)이 충돌되어 사망 | Q10: 적재된 단관비계다발 하역을 위한 화물고정용 섬유벨트 해체 후 비계다발이 차량하부로 낙하하며 근로자 강타 | R10: ▶ 화물적재 작업 시 최대 적재량 및 한쪽으로 치우치지 않은 적재 등의 조치 준수 ▶ 로프 풀기 작업 시 적재함의 화물이 떨어질 위험이 없음을 확인 호 주치 실시
A11: 12 | B11: 12. 공통공사 | C11: 12.2 안전가시설 작업 | D11: 12.2.3 안전가시설(비계) | E11: YES | F11: 각재(파이프,강관,합판) | G11: 각재(파이프,강관,합판) | H11: 해당없음 | I11: 해당없음 | J11: 해당없음 | K11: 재해자가 카고트럭 | L11: X | M11: #VALUE! | N11: #VALUE! | O11: 맞음 | P11: 재해자가 카고트럭 상부에서 강관파이프 다발(중량≒630kg) 적재작업을 하는 중 굴착기 운전원의 오조작에 의해 붐대와 함께 강관파이프 다발이 회전하면서 재해자의 안면을 강타하여 사망 | Q11: 굴삭기 운전원의 오조작에 의해 붐대와 함께 강관파이프 다발이 회전하면서 안면을 강타 | R11: ▶ 관리감독자의 유해ㆍ위험방지 업무 철저 ▶ 중량물 취급시에는 운반 등의 작업에 있어서 계획서를 작업하고 그 계획에 따라 작업하도록 지시 ▶ 개인보호구 착용 및 관리 철저
A12: 12 | B12: 12. 공통공사 | C12: 12.5 양중기 작업 | D12: 12.5.4 양중기(윈치) | E12: YES | F12: 각재(파이프,강관,합판) | G12: 각재(파이프,강관,합판) | H12: 해당없음 | I12: 해당없음 | J12: 해당없음 | K12: 2018년 8월경 | L12: 43313 | M12: 8 | N12: 혹서기 | O12: 맞음 | P12: 2018년 8월경 OO건설에서 시공중인 OO초등학교 교실증축공사 현장에서 재해자가 1층 유치원 내부 벽체 내진보강을 위해 전동윈치에 ㄷ형강(149.45kg)을 걸어 인양하여 벽체에 세우던 중 벽체에 설치했던 전동윈치 걸이용 앵커볼트가 휘어지며 전동윈치가 탈락, 인양중인 ㄷ형강이 넘어져 재해자의 머리부위에 충돌해 사망 | Q12: 전동윈치에 ㄷ형강을 걸어 인양하여 벽체에 세우던 중, 전동윈치 걸이용 앵커볼트가 휘어지며 전동윈치가 탈락하여 ㄷ형강이 넘어져 근로자 두부 강타 | R12: ▶ 내진보강을 위한 ㄷ형강 설치 등 중량물 취급작업 시 제원파악이 가능한 출처분명의 앵커볼트를 사용 ▶ 천장부위 해체 시 ㄷ형강의 길이고려 등을 통해 양중 중 발생할 수 있는 낙하 및 전도 방지
A13: 12 | B13: 12. 공통공사 | C13: 12.7 기타(작업환경, 청소 등) | D13: 12.7.1 기타(작업환경, 청소 등) | E13: YES | F13: 각재(파이프,강관,합판) | G13: 각재(파이프,강관,합판) | H13: 해당없음 | I13: 해당없음 | J13: 해당없음 | K13: 2016년 6월경 | L13: 42522 | M13: 6 | N13: 혹서기 | O13: 맞음 | P13: 2016년 6월경 OO신축공사 현장에서 외부비계 상부에 있던(높이: 약 9m) 강관(길이: 약 2m, 무게: 약 5kg)이 떨어지면서 통로에서 자재정리를 하던 재해자의 머리에 맞아 사망 | Q13: 외부 비계 상부에 있던 강관이 떨어지면서 통로에서 자재정리하던 재해자 맞음 | R13: ▶ 비계, 작업발판 등에는 재료, 공구 등 낙하물 방치되지 않도록 관리 ▶ 근로자 개인보호구, 안전대 체결여부 점검 및 관리감독
A14: 12 | B14: 12. 공통공사 | C14: 12.7 기타(작업환경, 청소 등) | D14: 12.7.1 기타(작업환경, 청소 등) | E14: YES | F14: 각재(파이프,강관,합판) | G14: 각재(파이프,강관,합판) | H14: 해당없음 | I14: 해당없음 | J14: 해당없음 | K14: 2019년 6월경 | L14: 43617 | M14: 6 | N14: 혹서기 | O14: 떨어짐 | P14: 2019년 6월경 OO설치현장에서 재해자가 비닐하우스 활대(폭10m, 높이 7m, 개당중량 30kg, 재질: 강관파이프(Ø50mm))설치 준비작업 중 작업대로 사용하던 철재선반(가로 5.5mX 세로 4.5m, H≒2.6m)위에서 중심을 잃고 미끄러지며 지상1층 바닥(H≒2.6m)으로 추락하여 사망 | Q14: 비닐하우스 활대 설치 준비작업 중 작업대로 사용하던 철재선반 위에서 중심을 잃고 미끄러져 바닥으로 떨어짐 | R14: ▶ 불안전한 작업발판 위에서의 작업 금지
A15: 2 | B15: 2. 철근콘크리트공사 | C15: 2.1 거푸집 작업 | D15: 2.1.1 거푸집 자재반입, 가공, 운반 | E15: YES | F15: 각재(파이프,강관,합판) | G15: 각재(파이프,강관,합판) | H15: 해당없음 | I15: 해당없음 | J15: 해당없음 | K15: 2016년 4월경 | L15: 42461 | M15: 4 | N15: - | O15: 맞음(낙하물체) | P15: 2016년 4월경 OO건설 공사현장에서 재해자가 지하2층 슬라브 보 거푸집 제작작업 중, 타워크레인으로 인양 중이던 인양물(거푸집제작용 목재(약 0.5톤))이 작업부위 상부 약 4m위치로 접근하자, 작업부위와 인양물과의 충돌을 막기 위해 인양물 하부로 이동하는 순간, 인양물의 갑작스러운 떨어짐에 의하여 재해자가 맞음으로써 사망 | Q15: 타워크레인으로 거푸집 제작용 목재 등을 인양하던 중 미고정된 인양물의 인양물 낙하 | R15: ▶ 타워크레인 등 유해·위험한 기계·기구를 설치 시 안전인증을 받은 후 사용 ▶ 크레인 작업 시 낙하물에 의한 위험방지를 위해 사전에 근로자 출입 통제 ▶ 크레인 등을 사용하여 작업 시 작업 전 감속기 등 기계적 상태 점검 실시 후 작업
A16: 2 | B16: 2. 철근콘크리트공사 | C16: 2.1 거푸집 작업 | D16: 2.1.1 거푸집 자재반입, 가공, 운반 | E16: YES | F16: 각재(파이프,강관,합판) | G16: 각재(파이프,강관,합판) | H16: 해당없음 | I16: 해당없음 | J16: 해당없음 | K16: 2017년 12월 | L16: 43070 | M16: 12 | N16: 혹한기 | O16: 떨어짐 | P16: 2017년 12월경 OO단독주택 신축공사 현장에서 재해자가 외부비계 최상단과 건물사이에 각재(산승각)을 거치하고, 그 위에 거푸집자재(각관, 각재 등)를 적재하던 중 하부에 거치된 각재가 부러지며 상부에 적재된 자재가 무너져 내리며 약 9m아래로 추락하여 사망 | Q16: 작업발판 미설치한 상태에서 외부비계 최상단과 건물사이에 각재(산승각)을 거치하고, 그 위에 거푸집자재를 적재하던 중 하부에 거치된 각재가 부러지며 상부 적재된 자재 위에 서있던 근로자 추락 | R16: ▶ 추락 및 넘어질 위험이 있는 장소에 작업발판 및 안전난간 설치 ▶ 자재적재 작업을 위한 작업발판 설치 시 상부 적재하중을 고려하여 구조 검토 후 설치 ▶ 구조물 위에 자재적재가 어려워 거치목을 이용한 경우 최대적재하중에 대해 구조검토(휨, 전단) 실시
A17: 2 | B17: 2. 철근콘크리트공사 | C17: 2.1 거푸집 작업 | D17: 2.1.3 거푸집 동바리 해체 | E17: YES | F17: 각재(파이프,강관,합판) | G17: 각재(파이프,강관,합판) | H17: 해당없음 | I17: 해당없음 | J17: 해당없음 | K17: 2016년 4월경 | L17: 42461 | M17: 4 | N17: - | O17: 맞음 | P17: 2016년 4월경 OO건설 주식회사 OO신축공사 현장에서 협력업체 소속 재해자가 띠장 4단 사각강관 버팀보(350mm×350mm×9t, L=34m(11m+11m+12m), W=3.33t) 하부에서 거푸집 정리작업을 하던 중 해체 준비 중이던 사각강관 버팀보가 떨어지면서 머리부위를 맞아 사망 | Q17: 낙하물 위험구간 출입금지 미실시한 상태에서 띠장 버팀보 하부에서 거푸집 정리작업을 하던 중 해체 준비 중이던 사각강관 버팀보가 떨어지면서 머리에 맞음 | R17: ▶ 흙막이가시설 해체작업시 작업계획서 작성 및 준수 ▶ 버팀보도 등 인양 단위부재에 줄걸이를 체결한 후 볼트 제거, 인양 하는 등 단계적으로 작업 실시 ▶ 해체작업을 하는 장소에는 관계 근로자가 아닌 근로자 출입을 금지 철저
A18: 2 | B18: 2. 철근콘크리트공사 | C18: 2.1 거푸집 작업 | D18: 2.1.4 거푸집 동바리 인양 | E18: YES | F18: 각재(파이프,강관,합판) | G18: 각재(파이프,강관,합판) | H18: 해당없음 | I18: 해당없음 | J18: 해당없음 | K18: 2016년 7월경 | L18: 42552 | M18: 7 | N18: 혹서기 | O18: 떨어짐 | P18: 2016년 7월경 (주)00건설 00청사 신축공사 현장에서 재해자가 지하2층 저수조의 시스템동바리 상부 합판 위에서 해체된 거푸집동바리(무폼타이 거푸집, 51.8kg)를 작업용 로프에 묶어 하부 바닥으로 내리던 중 시스템동바리 상부 합판 위에 산재된 자재에 걸려 넘어지면서 하부 바닥(H≒3.3m)으로 추락하여 사망 | Q18: 추락 방지조치 미실시한 상태에서 지하층 저수조 시스템동바리 상부 합판 위에서 해체된 거푸집동바리를 작업용 로프에 묶어 하부 바닥으로 내리던 중 합판 주변 산재된 자재에 걸려 넘어지면서 근로자 추락 | R18: ▶ 추락위험이 있는 구간에는 추락방호망, 안전난간 설치 또는 및 안전대 착용후 작업 ▶ 낙하 및 전도 등의 위험구간에서 자재 인양 및 운반시 근로자 출입 통제
A19: 2 | B19: 2. 철근콘크리트공사 | C19: 2.3 철근 작업 | D19: 2.3.2 철근 가공 및 운반 | E19: YES | F19: 각재(파이프,강관,합판) | G19: 각재(파이프,강관,합판) | H19: 해당없음 | I19: 해당없음 | J19: 해당없음 | K19: 2016년 3월경 | L19: 42430 | M19: 3 | N19: - | O19: 떨어짐 | P19: 2016년 3월경 OO 건설공사 주택재개발 정비사업 현장의 3층 높이 엘리베이터 피트에서 재해자는 동료작업자가 작업발판용으로 매립된 철근을 산소용접기 및 핸드그라인더를 사용하여 절단하면, 절단된 철근을 받아 바깥 측에 적재, 정리 등의 작업 중 작업상의 이유로 엘리베이터 피트 내부로 진입한 재해자가 밟은 발판(합판)이 뒤집어지며 지하 2층 바닥으로 떨어져(H=11.2) 사망 | Q19: 고정되지 않은 작업발판을 밟고 작업 중 작업발판이 뒤집어지며 근로자 추락 | R19: ▶ 외부비계 상에서 작업 시 작업구간 전체에 걸쳐 작업발판 및 안전난간을 밀실하고 견고하게 설치 후 작업 실시 ▶ 작업발판 및 안전난간 설치가 곤란한 경우 안전대 걸 수 있는 안전대 부착설비 설치 ▶ 추락할 위험이 있는 장소에서 작업 시 개인보호구 착용 철저
A20: 2 | B20: 2. 철근콘크리트공사 | C20: 2.3 철근 작업 | D20: 2.3.2 철근 가공 및 운반 | E20: YES | F20: 각재(파이프,강관,합판) | G20: 각재(파이프,강관,합판) | H20: 해당없음 | I20: 해당없음 | J20: 해당없음 | K20: 2016년 8월경 | L20: 42583 | M20: 8 | N20: 혹서기 | O20: 떨어짐 | P20: 2016년 8월경 (주)OO종합건설에서 시공중인 OO공장신축공사 현장에서 재해자가 A동 지상2층 바닥 철근배근 작업을 위해 자재(철근-D13 L≒0.8m 약200EA)를 화물용 리프트 구간으로 운반작업 중, 받침판으로 사용한 각재(80mm×80mm×3,630mm) 4개중 3개가 파단되며, 지상1층 바닥(H≒5.8m)으로 떨어져 사망한 재해임 | Q20: 철근배근 작업을 위해 자재를 화물용 리프트 구간으로 운반작업 중, 받침판으로 사용한 각재가 파단되어 근로자 추락 | R20: ▶ 철근 등 중량물 적재 시 붕괴의 우려가 없는 받침판 위에 적재 또는 최대 적재하중을 초과하지 않는 선에서의 적재 ▶ 추락방지조치를 위한 안전대 부착설비 설치 및 안전대 착용
A21: 2 | B21: 2. 철근콘크리트공사 | C21: 2.3 철근 작업 | D21: 2.3.2 철근 가공 및 운반 | E21: YES | F21: 각재(파이프,강관,합판) | G21: 각재(파이프,강관,합판) | H21: 해당없음 | I21: 해당없음 | J21: 해당없음 | K21: 2017년 5월경 | L21: 42856 | M21: 5 | N21: - | O21: 절단 베임 찔림 | P21: 2017년 5월경 OO상가주택 신축공사 현장 1층 바닥에서 재해자가 동료작업자와 기둥 띠철근 조립 후, 후속작업을 위해 이동하던 중 바닥에 놓인 나무각재에 걸려 넘어지면서, 바닥에서 돌출된 벽체철근이 재해자 머리에 박혀 사망 | Q21: 기둥 띠철근 조립 후, 후속작업을 위해 이동하던 중 바닥에 놓인 각재에 걸려 넘어지면서 돌출된 벽체철근이 근로자 머리에 찔림 | R21: ▶ 현장 내부가 협소한 경우 별도의 자재보관 장소 확보 및 일부 자재만 내부에 순차적 반입으로 작업공간 및 이동통로 확보 ▶ 부득이하게 바닥에 각재와 같은 자재적치 시 상부에 근로자 전도방지를 위해 바닥으로부터 띄워 이동통로 설치 ▶ 이동구간에 돌출철근 등 재해우려 자재 돌출 시 철근 돌출부에 보호캡 설치
A22: 2 | B22: 2. 철근콘크리트공사 | C22: 2.4 콘크리트 작업 | D22: 2.4.2 콘크리트 타설 및 다짐 | E22: YES | F22: 각재(파이프,강관,합판) | G22: 각재(파이프,강관,합판) | H22: 해당없음 | I22: 해당없음 | J22: 해당없음 | K22: 2019년 3월경 | L22: 43525 | M22: 3 | N22: - | O22: 맞음 | P22: 2019년 3월경 OO건설(주) OO공동주택 신축공사 현장에서 협력업체 ㈜OO 소속 재해자(콘크리트공)가 주차장 누름콘크리트 타설 장소로 이동하기 위해 슬래브에 기대어 세운 목재각재를 밟고 올라가던 중 목재각재가 부러지며 복부를 맞아 복강내출혈 등이 발생하여 사망 | Q22: 콘크리트 타설 장소로 이동하던 중 이동통로가 확보되지 않은 상태에서 슬래브에 기대어 세운 목재각재를 밟고 올라가던 중 목재각재가 부러지며 근로자 복부를 강타 | R22: ▶ 작업장으로 통하는 장소 또는 작업장내에 통로의 주요 부분에 통로표시로 안전한 통행 보장 ▶ 작업여건에 의해 후속작업이 영향을 받은 경우 무리한 작업진행 지양
A23: 2 | B23: 2. 철근콘크리트공사 | C23: 2.4 콘크리트 작업 | D23: 2.4.3 콘크리트 양생 | E23: YES | F23: 각재(파이프,강관,합판) | G23: 각재(파이프,강관,합판) | H23: 해당없음 | I23: 해당없음 | J23: 해당없음 | K23: 2017년 12월 | L23: 43070 | M23: 12 | N23: 혹한기 | O23: 떨어짐 | P23: 2017년 12월 OO(주) 아파트 신축공사 현장에서, ㈜OO 소속 재해자가 지하주차장 지하1층 슬래브 거푸집 위에서 콘크리트 양생 보양천막 틀 설치작업 중, 몸의 중심을 잃고 지하 1층 바닥으로 떨어져(H≒4m) 사망 | Q23: 슬래브 거푸집 위에서 콘크리트 양생 보양천막 특 설치 작업 중 근로자가 몸의 중심을 잃고 안전난간이 설치되어 있지 않은 단부로 추락 | R23: ▶ 추락위험이 있는 개구부 주변에서 작업 시 단부에 안전난간 및 추락방호망 설치 ▶ 높이 2m 이상의 추락위험 장소에서 작업 시 안전대 부착설비 설치 및 안전대 착용 ▶ 개인보호구 지급 및 착용
... A40: 8 | B40: 8. 교량공사 | C40: 8.4 특수교량 작업 | D40: 8.4.1 특수교량(ILM 공법) | E40: NO | F40: 각재(파이프,강관,합판) | G40: 각재(파이프,강관,합판) | H40: 해당없음 | I40: 해당없음 | J40: 해당없음 | K40: 2017년 1월 | L40: 42736 | M40: 1 | N40: 혹한기 | O40: 깔림 뒤집힘 | P40: 2017년 1월 고속국도 건설공사에서 재해자가 교량 제작장 몰드커버 해체작업 중 거치되어 있던 몰드커버가 전도되면서 끼여 사망 | Q40: 레일기초와 교량거푸집 상부에 경사지게 거치된 몰드커버가 전도되며 기둥강관더미와 바닥 경사면 사이에 깔림 | R40: ▶ 몰드커버 해체작업 시, 사전에 적절한 작업순서를 수립 ▶ 크레인으로 인양작업 시, 작업반경 내 작업자 접근 금지조치
A41: 1 | B41: 1. 토공사 | C41: 1.1 굴착 작업 | D41: 1.1.1 굴착 장비반입 | E41: YES | F41: 개구부 | G41: 개구부(기타개구부) | H41: 12대 기인물 | I41: 1 | J41: 0.09 | K41: 2019년 3월경 | L41: 43525 | M41: 3 | N41: - | O41: 떨어짐 | P41: 2019년 3월경 OO공사에서 재해재가 장비 진입로를 위해 방호시설(나무합판, 석자재, 고체연료통)을 이동시키던 중 개구부에 빠져 약 4.7m 아래인 지하층 바닥으로 추락하여 사망 | Q41: 장비 진입을 위한 현장 정리 중 개구부를 인식하지 못하고 실족하여 추락 | R41: ▶ 추락 위험 구간 접근금지 표지 설치 ▶ 개구부 덮개 설치 및 위험표지 부착
A42: 1 | B42: 1. 토공사 | C42: 1.1 굴착 작업 | D42: 1.1.2 굴착 | E42: YES | F42: 개구부 | G42: 개구부(바닥개구부) | H42: 12대 기인물 | I42: 1 | J42: 0.09 | K42: 2016년 1월경 | L42: 42370 | M42: 1 | N42: 혹한기 | O42: 떨어짐 | P42: 2016년 1월경 OO공사에서 재해자가 하천 유입수가 고인 기초 굴착부 주변으로 설치해둔 로프에 위험표지를 부착하던 중 몸의 중심을 잃고 굴착부로 빠져 익사로 사망 | Q42: 기초 굴착부에 하천수 유입으로 생긴 물 웅덩이 주변으로 설치된 로프에 위험표지를 부착하던 중 동결된 토사에서 미끄러지면서 물웅덩이에 빠져 익사 | R42: ▶ 기초 굴착부에 PE드럼 및 로프를 설치하며 PE 드럼이 안전난간의 역할을 수행할 수 있게 안에 중량물(물, 모래, 흙 등)을 채움 ▶ 교각 기초굴착 단부에 근로자가 추락할 위험이 있는 경우 충분한 강도가 지닌 안전난간 등의 추락방지 조치 실시
A43: 1 | B43: 1. 토공사 | C43: 1.3 기초파일 작업 | D43: 1.3.2 기초파일 천공 | E43: YES | F43: 개구부 | G43: 개구부(기타개구부) | H43: 12대 기인물 | I43: 1 | J43: 0.09 | K43: 2019년 10월 | L43: 43739 | M43: 10 | N43: - | O43: 떨어짐 | P43: 2019년 10월경 재해자가 PRD(현장타설말뚝) 콘크리트 타설 후에 물청소용으로 사용할 물 호스를 뒷걸음(추정)으로 이동 시키던 중, 측량을 위하여 덮개를 열어 놓았던 개구부[PRD 천공 컷팅홀(□ 100x100Cm)]에 추락[지하2층 바닥(H≒9.95m)]하여 사망 | Q43: 콘크리트 말뚝 타설 후 물청소용으로 사용할 물 호스를 이동 중 측량을 위해 덮개를 열어놓은 개구부[PRD 천공 컷팅홀]에 추락 | R43: ▶ 추락 위험이 있는 장소에 방호조치를 가진 안전울(안전난간), 추락방망 등을 설치 및 개구부 표시 조치 ▶ 측량을 위해 개구부 덮개를 제거할 시 측량작업에 영향이 없는 안전울(안전난간)을 제작 및 설치
A44: 12 | B44: 12. 공통공사 | C44: 12.1 철거, 해체 | D44: 12.1.1 철거 및 해체 | E44: YES | F44: 개구부 | G44: 개구부(기타개구부) | H44: 12대 기인물 | I44: 1 | J44: 0.09 | K44: 2016년 12월 | L44: 42705 | M44: 12 | N44: 혹한기 | O44: 떨어짐 | P44: 2016년 12월경 OO증축공사 현장 지상4층(옥상)에서 철거공인 재해자가 폐기물 반출작업 중 몸의 중심을 잃고 슬래브 단부 약 10.7m아래 엘리베이터 피트 바닥에 추락하여 사망 | Q44: 엘레베이터 옥상 슬라브 단부에서 윈치를 이용하여 폐기물을 반출하기 위해 안전난간대 하부 개구부로 몸을 내밀어 윈치 인양고리 잡으려던 중 몸의 중심을 잃고 엘리베이터 피드 바닥으로 추락 | R44: ▶ 개구부 등 추락단부 안전난간대 설치 등 추락방호조치 실시 ▶ 불가피한 사유로 안전난간대 해체해야하는 경우 안전대부착설비 설치 및 안전대 체결 후 작업
A45: 12 | B45: 12. 공통공사 | C45: 12.1 철거, 해체 | D45: 12.1.1 철거 및 해체 | E45: YES | F45: 개구부 | G45: 개구부(기타개구부) | H45: 12대 기인물 | I45: 1 | J45: 0.09 | K45: 2018년 5월경 | L45: 43221 | M45: 5 | N45: - | O45: 떨어짐 | P45: 2018년 5월경 OO리모델링 현장 2층에서 재해자가 주방조적벽체 해체를 위해 주방발코니쪽에서 그라인더를 이용 벽체를 상단에서 하단으로 절단 중 그라인더날이 상단 조적벽체에 끼여 힘을 주어 빼내던중 기계와 함께 발코니 난간(H=70cm) 아래로(H=6m) 추락하여 사망 | Q45: 주방조적벽체 해체 작업 중 그라인더날이 조적벽체에 끼여 빼내던 중 기계와 함께 발코니 난간 아래로(70CM) 추락 | R45: ▶ 개구부 등 추락단부 안전난간대 설치 등 추락방호조치 실시 ▶ 근로자의 개인보호구, 안전대 체결여부 점검 및 관리감독
A46: 12 | B46: 12. 공통공사 | C46: 12.1 철거, 해체 | D46: 12.1.1 철거 및 해체 | E46: YES | F46: 개구부 | G46: 개구부(바닥개구부) | H46: 12대 기인물 | I46: 1 | J46: 0.09 | K46: 2018년 8월경 | L46: 43313 | M46: 8 | N46: 혹서기 | O46: 떨어짐 | P46: 2018년 8월경 OO철거공사 현장에서 재해자가 건물 옥상 바닥에 서서 상부 이동식크레인의 인양물(산소통 등 용단기구)을 신호하던 중 폐기물 투척구 겸 자재반입구(90cm x 120cm)에서 실족하여 지상 1층 바닥(H≒10m)으로 추락하여 사망 | Q46: 건축물 철거현장 옥상에서 이동식 크레인의 인양물 신호를 하던 중 실족하여 자재반입구를 통해 바닥으로 추락 | R46: ▶ 개구부 등 추락단부 안전난간대 설치 등 추락방호조치 실시 ▶ 근로자의 개인보호구, 안전대 체결여부 점검 및 관리감독
A47: 12 | B47: 12. 공통공사 | C47: 12.1 철거, 해체 | D47: 12.1.1 철거 및 해체 | E47: YES | F47: 개구부 | G47: 개구부(기타개구부) | H47: 12대 기인물 | I47: 1 | J47: 0.09 | K47: 2019년 4월경 | L47: 43556 | M47: 4 | N47: - | O47: 떨어짐 | P47: 2019년 4월경 OO철거 및 벽체 도장 공사를 위해 재해자가 동료작업자 2명과 함께 샌드위치 판넬 철거 작업 중에 의식을 잃고 바닥에 쓰러져 사망 | Q47: 지붕판넬 철거작업 중 경사면에 미끄러지면서 철거된 판넬 개구부를 통해 추락 | R47: ▶ 추락방호망, 안전대 부착설비 설치, 근로자의 안전대 체결 등 안전방호조치 실시 ▶ 근로자의 개인보호구, 안전대 체결여부 점검 및 관리감독
A48: 12 | B48: 12. 공통공사 | C48: 12.1 철거, 해체 | D48: 12.1.1 철거 및 해체 | E48: YES | F48: 개구부 | G48: 개구부(기타개구부) | H48: 12대 기인물 | I48: 1 | J48: 0.09 | K48: 2020년 5월경 | L48: 43952 | M48: 5 | N48: - | O48: 떨어짐 | P48: 2020년 5월경 OO(주) 공장건물 지붕에서 재해자가 지붕 판넬 철거작업을 위해 공장건물 지붕에서 판넬 고정나사를 제거 후 이동하던 중 판넬이 경사면을 따라 미끄러지면서 재해자가 판넬과 함께 공장 바닥(H≒3m)으로 추락하여 사망 | Q48: 지붕판넬 철거작업 중 경사면에 미끄러지면서 철거된 판넬 개구부를 통해 추락 | R48: ▶ 추락방호망, 안전대 부착설비 설치, 근로자의 안전대 체결 등 안전방호조치 실시 ▶ 근로자의 개인보호구, 안전대 체결여부 점검 및 관리감독
A49: 12 | B49: 12. 공통공사 | C49: 12.2 안전가시설 작업 | D49: 12.2.1 안전가시설(개구부) | E49: YES | F49: 개구부 | G49: 개구부(바닥개구부) | H49: 12대 기인물 | I49: 1 | J49: 0.09 | K49: 2017년 12월 | L49: 43070 | M49: 12 | N49: 혹한기 | O49: 떨어짐 | P49: 2017년 12월경 OO건설 토목공사현장에서 재해자 등 2명이 수로박스 내부 준공청소를 위해 수로박스 점검구 덮개(스틸 그레이팅)를 맨손으로 몸쪽으로 당기며 개방하던 중 걸침턱이 없던 좌측방향으로 전도되며 하부로 떨어질 때 동료작업자는 손을 놓았지만 재해자는 덮개와 함께 하부로 떨어져(H≒3m) 사망 | Q49: 수로박스 내부 준공청소를 위해 점검구 덮개를 맨손으로 당기며 개방하던 중 걸침턱이 없던 좌측방향으로 전도되며 하부로 떨어짐 | R49: ▶ 근로자 추락 위험이 있는 장소에 안전대 부착 설비 설치, 안전대 착용 등 추락방지 조치 실시 ▶ 스틸 그레이팅 덮개 개방시 근로자가 직접 하는 것이 아닌 이동식 크레인 등 인양장비를 이용하여 Belt Sling 등 사용
A50: 12 | B50: 12. 공통공사 | C50: 12.2 안전가시설 작업 | D50: 12.2.1 안전가시설(개구부) | E50: YES | F50: 개구부 | G50: 개구부(기타개구부) | H50: 12대 기인물 | I50: 1 | J50: 0.09 | K50: 2019년 4월경 | L50: 43556 | M50: 4 | N50: - | O50: 떨어짐 | P50: 2019년 4월경 OO공장 신축공사 현장에서 재해자는 건물내부 청소작업 중 발생되는 쓰레기를 반출하고자 카리프트 겸용 화물용승강기 운반구에 싣던 중 벽체와 일부 개방된 화물용 승강기 운반구 도어의 수직 개구부를 통해 아래(약 H=22m)로 추락 | Q50: 자재 운반 및 작업 중 안전난간이 미설치된 창호 개구부 등을 통해 근로자 추락 | R50: ▶ 창호 개구부 등 추락의 위험이 있는 장소에는 안전난간대 설치 또는 수직형 추락방망 등 추락방지용 안전시설물을 설치하여 근로자 추락을 예방 ▶ 설치된 안전시설물에 대해 유지관리하고, 임의 해체 예방을 위한 관리감독
A51: 12 | B51: 12. 공통공사 | C51: 12.2 안전가시설 작업 | D51: 12.2.1 안전가시설(개구부) | E51: YES | F51: 개구부 | G51: 개구부(바닥개구부) | H51: 12대 기인물 | I51: 1 | J51: 0.09 | K51: 2019년 8월경 | L51: 43678 | M51: 8 | N51: 혹서기 | O51: 떨어짐 | P51: 2019년 8월경 지하주차장 청소작업을 하던 재해자가 폐쇄형 점검구 내부에서 몸의 중심을 잃고, 점검구 내 개구부(△2.3x2.4x3.2m) 약 5m 아래 콘크리트 바닥으로 떨어져 사망 | Q51: 덮개가 고정되지 않은 개구부 인근에서 작업 중 바닥으로 추락함 | R51: ▶ 추락을 방지하기 위한 안전대 체결 ▶ 개구부 덮개 설치 및 위험표지 부착
A52: 12 | B52: 12. 공통공사 | C52: 12.2 안전가시설 작업 | D52: 12.2.1 안전가시설(개구부) | E52: YES | F52: 개구부 | G52: 개구부(바닥개구부) | H52: 12대 기인물 | I52: 1 | J52: 0.09 | K52: 2020년 2월경 | L52: 43862 | M52: 2 | N52: 혹한기 | O52: 떨어짐 | P52: 2020년 2월경 OO건설 공사현장에서 청소 작업을 하던 작업자가 지하1층 바닥 개구부(1.2mX0.7m)에서 지하2층 저수조 바닥으로 추락(H=5.0m)하여 사망 | Q52: 덮개가 고정되지 않은 개구부 인근에서 작업 중 바닥으로 추락함 | R52: ▶ 방지하기 위한 안전대 착용 ▶ 개구부 덮개 설치 및 위험표지 부착
... A90: 2 | B90: 2. 철근콘크리트공사 | C90: 2.1 거푸집 작업 | D90: 2.1.3 거푸집 동바리 해체 | E90: YES | F90: 개구부 | G90: 개구부(바닥개구부) | H90: 12대 기인물 | I90: 1 | J90: 0.09 | K90: 2018년 11월 | L90: 43405 | M90: 11 | N90: - | O90: 떨어짐 | P90: 2018년 11월경 OO건설(주) OO신축공사 현장 지하6층에서 협력업체 소속 재해자가 벽/기둥 형틀 해체 구간의 떨어진 콘크리트 잔재물을 슬리브덮개를 밟고 청소작업 중 지하 7층 바닥(높이 약 6.3m)으로 추락하여 사망 | Q90: 개구부 방호조치 미흡한 상태에서 벽/기둥 형틀 해체 구간의 떨어진 콘크리트 잔재물을 슬리브덮개를 밟고 청소작업 중, 근로자 추락 | R90: ▶ 견고한 개구부 덮개 설치 및 개구부 위험표지 부착 ▶ 이동식 조명 사용을 통한 적정 조도 확보 ▶ 작업방법/안전 교육 실시 및 관리감독 철저
A91: 2 | B91: 2. 철근콘크리트공사 | C91: 2.3 철근 작업 | D91: 2.3.2 철근 가공 및 운반 | E91: YES | F91: 개구부 | G91: 개구부(바닥개구부) | H91: 12대 기인물 | I91: 1 | J91: 0.09 | K91: 도시시설물공사 현 | L91: X | M91: #VALUE! | N91: #VALUE! | O91: 떨어짐 | P91: 도시시설물공사 현장에서 교량 Girder상부에 적치된 각파이프 묶음(무게≒600kg)의 벤딩 절단작업 중 각파이프가 전도되어 작업발판 상부에 낙하하면서 그 충격에 의해 작업발판 2개가 탈락하였고, 뚫린 개구부(0.8m×1.8m)를 통해 재해자가 토사 바닥으로 추락(H≒5m)하여 사망 | Q91: 적재된 자재가 넘어지며 작업발판이 탈락되어 주변 근로자 추락 | R91: ▶ 철근 등 중량물 적재 시 붕괴의 우려가 없는 받침판 위에 적재 또는 최대 적재하중을 초과하지 않는 선에서의 적재 ▶ 추락방지조치를 위한 안전대 부착설비 설치 및 안전대 착용
A92: 2 | B92: 2. 철근콘크리트공사 | C92: 2.3 철근 작업 | D92: 2.3.3 철근 조립 | E92: YES | F92: 개구부 | G92: 개구부(바닥개구부) | H92: 12대 기인물 | I92: 1 | J92: 0.09 | K92: 2016년 7월경 | L92: 42552 | M92: 7 | N92: 혹서기 | O92: 떨어짐 | P92: 2016년 7월경 OO(주) OO프라자 신축공사 현장에서 재해자가 지상4층 보 철근 조립 중에 주변 바닥 개구부(자재 반입구)로 떨어져(H≒16.2m) 사망 | Q92: 보 철근 조립 중, 안전난간 미설치된 주변 바닥 개구부를 통해 중심을 잃고 근로자 추락 | R92: ▶ 자재 반입구와 같이 개구부로서 떨어질 위험이 있는 경우 안전난간 또는 안전방망과 같이 추락방호시설 설치 ▶ 안전난간 또는 안전방망 설치가 곤란한 경우 안전대 지급 및 안전대를 걸 수 있는 안전대 부착설비 설치
A93: 2 | B93: 2. 철근콘크리트공사 | C93: 2.4 콘크리트 작업 | D93: 2.4.1 콘크리트 반입, 운반 | E93: YES | F93: 개구부 | G93: 개구부(기타개구부) | H93: 12대 기인물 | I93: 1 | J93: 0.09 | K93: 2016년 12월 | L93: 42705 | M93: 12 | N93: 혹한기 | O93: 떨어짐 | P93: 2016년 12월경 OO노반건설공사 환기구에서 터널 라이닝 타설에 필요한 콘크리트를 실은 레미콘 차량을 카리프트에 탑승시킨 후에 재해자는 옆에 별도로 위치한 리프트에 탑승 후 상부로 이동하여 대기 중 레미콘 차량을 탑승시킨 카리프트가 상승 중에 레미콘 차량의 사이드 브레이크 미잠금(추정) 상태로 상부 이동 중 카리프트 구간별 속도 변화 등으로 인하여 차량이 전면부로 미끄러져 쏠리면서 지상 1.5m 아래에 있는 지상 복공판 H-beam 사이에 차량 전면부가 끼어 찌그러져 있는 상태에서 재해자가 차량 고임목 설치 및 본인의 휴대폰을 가지러 출입금지 구역인 카리프트 내부로 들어가 후방 타이어 오른쪽 부위에 각재 고임목을 대고, 레미콘차량 전면부 깨진 유리창을 통하여 차를 딛고 운전석으로 올라가다가 차에서 미끄러져 차와 카리프트 사이에 50cm*50cm의 개구부로 추락, 61m 아래 터널 콘크리트 바닥으로 추락하여 사망 | Q93: 카리프트 내부에서 레미콘 차량이 전면부로 미끄러져 전면부 파손 이후 근로자가 본인의 물품을 챙기러 파손된 전면부 유리창을 통하여 차를 딛고 운전석으로 올라가던 중 미끄러져 차와 카리프트 사이 개구부로 추락 | R93: ▶ 개구부 등 낙하 위험이 있는 장소에는 방책 등 설치하여 출입 금지 및 표지판 설치 ▶ 카리프트 등 양중기 사용 시 레미콘차량 등이 완전히 빠져나갈 때 까지 모니터 주시
A94: 2 | B94: 2. 철근콘크리트공사 | C94: 2.4 콘크리트 작업 | D94: 2.4.2 콘크리트 타설 및 다짐 | E94: YES | F94: 개구부 | G94: 개구부(기타개구부) | H94: 12대 기인물 | I94: 1 | J94: 0.09 | K94: 2016년 3월경 | L94: 42430 | M94: 3 | N94: - | O94: 떨어짐 | P94: 2016년 3월경 OO(주) 주차장전용건물 신축공사 현장 지상 2층에서 재해자(콘크리트공)가 바닥 무근콘크리트 타설을 위해 도구(갈고리)를 사용하여 콘크리트 타설용 주름관을 이동시키는 작업 중 갈고리가 주름관에서 빠지는 순간 몸의 중심을 잃고 뒤로 넘어지면서 카리프트 출입구(벽면 개구부)를 통해 약 3.96m 아래 파레트(주차설비)로 떨어져 사망 | Q94: 무근콘크리트 타설을 위해 도구(갈고리)를 사용하여 콘크리트 타설용 주름관을 이동시키는 작업 중 갈고리가 주름관에서 빠지는 순간 몸의 중심을 잃고 뒤로 넘어지면서 떨어짐 | R94: ▶ 추락 및 낙하 방지 조치 철저 ▶ 작업장 사전점검 등 관리 감독 철저 ▶ 안전모 등 개인보호구 착용에 대한 관리 철저
A95: 2 | B95: 2. 철근콘크리트공사 | C95: 2.4 콘크리트 작업 | D95: 2.4.2 콘크리트 타설 및 다짐 | E95: YES | F95: 개구부 | G95: 개구부(바닥개구부) | H95: 12대 기인물 | I95: 1 | J95: 0.09 | K95: 2018년 5월경 | L95: 43221 | M95: 5 | N95: - | O95: 떨어짐 | P95: 2018년 5월경 ㈜OO에서 시공하는 다세대 신축공사 현장에서 재해자(철근공)가 콘크리트 타설 준비작업의 일환으로 콘크리트 진동기의 전원 연결을 위해 외부 쌍줄비계 상에서 리드선을 연결하던 중, 건물 외벽과 비계 사이의 개구부(길이 1600mm×폭800mm)를 통해 약 9.5m 아래 지상 1층 콘크리트 바닥으로 추락하여 사망 | Q95: 콘크리트 전동기의 전원 연결을 위해 쌍줄비계에서 리드선을 연결하던 중 안전난간, 추락방호망 등의 안전시설물이 설치되어 있지 않은 상태에서 외벽과 비계 사이의 개구부에서 근로자 추락 | R95: ▶ 작업발판에서 작업시 개구부의 추락위험 방지조치 실시 ▶ 추락 위험장소에서 개인보호구 착용 및 관리감독 철저
A96: 2 | B96: 2. 철근콘크리트공사 | C96: 2.4 콘크리트 작업 | D96: 2.4.2 콘크리트 타설 및 다짐 | E96: YES | F96: 개구부 | G96: 개구부(기타개구부) | H96: 12대 기인물 | I96: 1 | J96: 0.09 | K96: 2020년 5월경 | L96: 43952 | M96: 5 | N96: - | O96: 떨어짐 | P96: 2020년 5월경 ㈜OO 오피스텔 신축공사 현장에서 재해자(콘크리트공)가 기포콘크리트 믹서기 교반용 용수가 개방형 물백에서 넘치자 물을 잠그기 위하여 지하 4층 벽체 측면 개구부(드라이에어리어)에서 용수공급용 펌프 전원 차단스위치를 찾고자 무리하게 몸을 내밀어 내려다 보던 중 약4.4m 아래의 콘크리트 바닥으로 추락하여 사망 | Q96: 기포콘크리트 믹서리 교반용 용수가 개방형 물백에서 넘치자 물을 잠그기 위해 지하 벽체 측면 개구부에서 용수공급용 펌프 전원 차단스위치를 찾고자 무리하게 몸을 내밀어 내려다 보던 중 근로자 추락 | R96: ▶ 개구부에 안전난간 등 추락방지조치 ▶ 개인보호구 지급 및 관리감독 업무 수행 철저 ▶ 기포콘크리트 믹서기 용수공급용 개방형 물백에 용수가 넘칠 경우 안전하게 차단하도록 감독 철저
A97: 2 | B97: 2. 철근콘크리트공사 | C97: 2.4 콘크리트 작업 | D97: 2.4.2 콘크리트 타설 및 다짐 | E97: YES | F97: 개구부 | G97: 개구부(기타개구부) | H97: 12대 기인물 | I97: 1 | J97: 0.09 | K97: 2021년 8월경 | L97: 44409 | M97: 8 | N97: 혹서기 | O97: 떨어짐 | P97: 2021년 8월경 ㈜OO 테라스하우스 신축공사 현장에서 재해자가 내부 계단 타설작업 중인 현장을 확인하고 건축물의 창문을 통해 외부 시스템 비계로 이동 혹은 외부 시스템비계에서 건축물의 창문으로 내부 이동 중 건축물과 시스템 비계 사이 개구부로 떨어져 사망 | Q97: 가설통로가 미설치된 외부비계 작업발판과 건축물 내부 사이를 이동 중 비계 작업발판과 외벽 사이 개구부에서 추락 | R97: ▶ 작업발판에서 작업시 개구부의 추락위험 방지조치 실시 ▶ 추락 위험장소에서 개인보호구 착용 및 관리감독 철저
A98: 2 | B98: 2. 철근콘크리트공사 | C98: 2.4 콘크리트 작업 | D98: 2.4.3 콘크리트 양생 | E98: YES | F98: 개구부 | G98: 개구부(기타개구부) | H98: 12대 기인물 | I98: 1 | J98: 0.09 | K98: 2019년 1월경 | L98: 43466 | M98: 1 | N98: 혹한기 | O98: 떨어짐 | P98: 2019년 1월경 ㈜OO에서 시공하는 OO 신축공사 현장에서 재해자(보통인부)가 건물배면 지상1층 외부에서 동절기 단열용 보양천막을 설치하던 중, 환기구 개구부(3,200㎜×1,550㎜)를 통해 약 12m 아래 지하3층 콘크리트 바닥으로 떨어져 사망 | Q98: 동절기 단열용 보양천막을 설치하던 중 미고정된 상태의 강관파이프 위에 올려진 합판을 밟고 합판이 뒤집어지면서개구부로 근로자 추락 | R98: ▶ 환기구 개구부 등 추락위험 장소에서 작업 시 안전난간, 울타리, 수직형 추락방망 또는 덮개 등 방호조치 실시 ▶ 개구부 덮개 설치 시 전도방지를 위해 구조물 등 견고히 체결 ▶ 추락위험이 있는 장소에서 작업 시 안전대 부착설비 설치 및 안전대 착용
A99: 2 | B99: 2. 철근콘크리트공사 | C99: 2.4 콘크리트 작업 | D99: 2.4.3 콘크리트 양생 | E99: YES | F99: 개구부 | G99: 개구부(기타개구부) | H99: 12대 기인물 | I99: 1 | J99: 0.09 | K99: 2021년 5월경 | L99: 44317 | M99: 5 | N99: - | O99: 떨어짐 | P99: 2021년 5월경 도시형생활주택 신축공사 현장에서 재해자(미장공)가 당일 타설된 콘크리트 표면을 평평하게 고르기 위해 옥상(6층 천장)에서 이동 또는 작업 준비 과정에서 외부비계와 건물 사이로 떨어져(H≒17.4m) 사망(추정) | Q99: 콘크리트 타설작업 중 안전난간이 설치되어 있지 않은 슬래브 단부로 근로자 추락 | R99: ▶ 추락위험이 있는 슬래브 단부에는 안전난간 설치 ▶ 안전난간의 설치가 곤란할 경우 추락방망 설치 ▶ 높이 2m 이상에서의 고소작업 시 안전대 부착설비 설치 및 안전대 착용
A100: 3 | B100: 3. 철골공사 | C100: 3.1 철골 작업 | D100: 3.1.1 철골 부재반입 및 운반 | E100: YES | F100: 개구부 | G100: 개구부(바닥개구부) | H100: 12대 기인물 | I100: 1 | J100: 0.09 | K100: 2018년 6월경 | L100: 43252 | M100: 6 | N100: 혹서기 | O100: 떨어짐 | P100: 2018년 6월경 OO기업에서 시공하는 ㈜OO 공장 전기공사 현장에서 재해자가 공장동 케이블트레이 설치를 위한 사전작업 준비를 하기 위하여 철골 상부 크레인점검로(Walk way)를 이동하는 과정에서 점검로 상의 개구부를 미쳐 발견하지 못하고 13m 아래 바닥으로 떨어져 사망 | Q100: 공장동 케이블트레이 설치를 위한 사전작업 준비를 위한 철골 상부 크레인점검로 이동 중 점검로 상의 개구부를 발견하지 못하고 개구부 아래 바닥으로 추락 | R100: ▶ 개구부 등 추락위험구간에 철제 덮개, 안전난간, 안전망 등 추락방지조치 준수 ▶ 철제 점검로를 이용 시 별도의 안전대 부착설비 설치 및 안전대 체결을 통한 안전방호조치 실시
A101: 3 | B101: 3. 철골공사 | C101: 3.1 철골 작업 | D101: 3.1.1 철골 부재반입 및 운반 | E101: YES | F101: 개구부 | G101: 개구부(바닥개구부) | H101: 12대 기인물 | I101: 1 | J101: 0.09 | K101: 2020년 3월경 | L101: 43891 | M101: 3 | N101: - | O101: 떨어짐 | P101: 2020년 3월경 (주)OO에서 시공하는 OO센터 신축사업 현장에서 협력업체 ㈜OO건설 소속 재해자와 동료작업자가 지하 4층에 설치되어있던 자재반입대(슈퍼데크)를 지하 5층으로 내리는 작업 중 자재반입대 좌/우에 부착된 유도로프(L=9.17m)를 잡는 과정에서 외부충격(추정) 등으로 인하여 자재반입대가 회전을 하자 재해자는 유도로프를 잡기 위해 개구부 내에서 주변 슬래브로 뛰었으나 몸의 중심을 잃고 지하 7층 바닥으로 떨어져(H≒9.05m) 사망 | Q101: 자재반입대 설치를 위해 1면의 안전난간을 임시로 해체한 채, 자재반입대를 내리는 작업 중 자재반입대에 부착된 유도로프를 잡는 과정에서 외부충격에 의해 회전하자 로프를 잡기 위해 뛰었으나 근로자가 몸의 중심을 잃고 해체된 안전난간 방면으로 추락 | R101: ▶ 개구부의 경우 우선적으로 안전난간을 설치하며 작업 특성상 임시로 해체 시 추락방호망 설치 ▶ 추락방호망의 설치가 곤란할 경우 안전대 부착설비 설치 및 안전대 착용 ▶ 개인보호구 지급 및 착용
A102: 3 | B102: 3. 철골공사 | C102: 3.1 철골 작업 | D102: 3.1.2 철골 부재 인양, 조립 | E102: YES | F102: 개구부 | G102: 개구부(기타개구부) | H102: 12대 기인물 | I102: 1 | J102: 0.09 | K102: 2017년 2월경 | L102: 42767 | M102: 2 | N102: 혹한기 | O102: 떨어짐 | P102: 2017년 2월경 슬라브 단부에서 재해자가 설치 중인 계단 답단의 치수를 줄자로 측정 하던 중 몸의 중심을 잃고 1층 바닥으로 추락하여 사망(높이 5.84m). | Q102: 철골 조립 작업 중 안전대를 미착용한 상태에서 몸의 균형을 잃고 넘어지며 추락 | R102: ▶ 추락위험이 있는 장소에서 작업 시 안전대 부착설비 설치 및 안전대 착용
A103: 3 | B103: 3. 철골공사 | C103: 3.1 철골 작업 | D103: 3.1.2 철골 부재 인양, 조립 | E103: YES | F103: 개구부 | G103: 개구부(바닥개구부) | H103: 12대 기인물 | I103: 1 | J103: 0.09 | K103: 2019년 8월경 | L103: 43678 | M103: 8 | N103: 혹서기 | O103: 떨어짐 | P103: 2019년 8월경 OO교회 신축공사 현장에서 재해자가 예배당 복층 슬래브 상부에서 철골 도장작업 후 휴식을 위해 이동 중, 슬래브 개구부(계단실 용도, 0.9m×2.4m)로 실족하여 1층 콘크리트 바닥면으로 추락(H≒3.3m)하여 사망 | Q103: 철골 도장 작업 후 휴식을 위해 이동 중 근로자가 덮개가 미설치 된 슬래브 개구부로 실족하여 추락 | R103: ▶ 철골구조물 슬래브 개구부 혹은 통로의 끝 등 추락위험이 있는 장소에는 본 구조물을 시공하기 전까지 안전난간 또는 덮개 등의 방호조치 실시 ▶ 추락위험이 있는 장소에서 작업 시 안전대 부착설비 설치 및 안전대 착용
... A199: 2 | B199: 2. 철근콘크리트공사 | C199: 2.1 거푸집 작업 | D199: 2.1.1 거푸집 자재반입, 가공, 운반 | E199: YES | F199: 거푸집 | G199: 거푸집 | H199: 12대 기인물 | I199: 11 | J199: 0.03 | K199: 2020년 11월 | L199: 44136 | M199: 11 | N199: - | O199: 떨어짐 | P199: 2020년 11월경 OO건설㈜이 시공 중인 OO지하주차장 건축공사 현장에서 재해자(형틀공) 2명이 지하 1층 보 거푸집을 기둥 거푸집에 고정하고 안전대 부착설비 설치작업 중, 타워크레인 후크블록을 권상하는 과정에서 보 거푸집 고정철물에 인양용 슬링벨트가 걸려 보 거푸집 상부에서 작업 중인 재해자 2명과 보 거푸집이 함께 약 4.0m 아래 바닥(지하2층 바닥 콘크리트면)으로 추락하여 부상 | Q199: 추락 방지조치를 미실시한 상태에서 보 거푸집을 기둥 거푸집에 고정하고 안전대 부착설비 설치작업 중 타워크레인 후크블록을 권상하는 과정에서 보 거푸집 고정철물에 인양용 슬링벨트가 걸려 보 거푸집 상부에서 작업 중인 근로자 추락 | R199: ▶ 추락 방지를 위해 안전대 부착설비 설치 및 안전대 착용 등 추락방지조치 실시 ▶ 타워크레인 작업 시 타워크레인마다 작업자와 신호교육을 이수한 신호업무 담당자 각각 배치
A200: 2 | B200: 2. 철근콘크리트공사 | C200: 2.1 거푸집 작업 | D200: 2.1.1 거푸집 자재반입, 가공, 운반 | E200: YES | F200: 거푸집 | G200: 거푸집 | H200: 12대 기인물 | I200: 11 | J200: 0.03 | K200: 철근콘크리트공사 | L200: X | M200: #VALUE! | N200: #VALUE! | O200: 절단 베임 찔림 | P200: 철근콘크리트공사 협력업체 ㈜OO건설 소속 재해자가 지붕층 슬래브의 보(폭×춤=500×900mm, L=4.6m) 거푸집 설치작업을 하던 중 몸의 중심을 잃고 넘어지면서 보 측면 거푸집을 잡고 떨어지지 않으려고 버티다가, 지상 8층 바닥으로 떨어졌고(H=3.3m) 연이어 보 측면 거푸집이 떨어지면서 재해자를 가격하여 사망 | Q200: 추락방지조치 미실한 상태에서 보 하부 거푸집에서 합판 연결부을 못으로 고정하는 작업 중 중심을 잃고 근로자다 추락하여 바닥 돌출된 수직 철근에 가슴부위가 찔림 | R200: ▶ 거푸집 조립 작업을 위한 강관비계, 이동식비계 등의 작업발판 설치 ▶ 추락 방지를 위해 안전대 부착설비 설치 및 안전대 착용 등 추락방지조치 실시
A201: 2 | B201: 2. 철근콘크리트공사 | C201: 2.1 거푸집 작업 | D201: 2.1.2 거푸집 동바리 조립 | E201: YES | F201: 거푸집 | G201: 거푸집 | H201: 12대 기인물 | I201: 11 | J201: 0.03 | K201: 2016년 8월경 | L201: 42583 | M201: 8 | N201: 혹서기 | O201: 깔림 뒤집힘 | P201: 2016년 8월경 (주)OO건설 OO공장 신축공사 현장에서 협력업체 소속 재해자가 사무동 콘크리트 옹벽 벽체거푸집 조립 작업 중 옹벽벽체 외벽 2단 거푸집(20m×2.4m, 약 1.2TON)이 재해자가 위치한 전면으로 넘어져 거푸집에 깔려 사망 | Q201: 거푸집 조립시 구조검토에 의한 조립도 미작성, 거푸집 전도방지조치 미실시한 상태로 콘크리트 옹벽 벽체거푸집 조립 작업 중 옹벽벽체 외벽 거푸집이 근로자의 전면으로 넘어져 깔림 | R201: ▶ 거푸집을 설치 할 경우 자중 또는 외력에 의해 넘어지지 않도록 견고한 구조의 버팀대 또는 지지대를 설치 ▶ 벽체거푸집 조립 시 구조에 대해 자중, 풍하중, 작업하중 등에 의한 수평방향 하중에 대해 구조검토 후 부재의 재질, 간격, 고정방법 등이 포함된 조립도를 작성 ▶ 거푸집 조립 시 긴결재, 버팀대 또는 지지대 설치 등 전도방지조치 실행
A202: 2 | B202: 2. 철근콘크리트공사 | C202: 2.1 거푸집 작업 | D202: 2.1.2 거푸집 동바리 조립 | E202: YES | F202: 거푸집 | G202: 거푸집 | H202: 12대 기인물 | I202: 11 | J202: 0.03 | K202: 2016년 10월 | L202: 42644 | M202: 10 | N202: - | O202: 떨어짐 | P202: 2016년 10월경 복합주거시설 신축공사 현장에서 지하 1층 기둥 형틀(거푸집)에 매달려 플랫타이 및 핀 고정작업을 하던 재해자가 바닥으로 떨어져 사망 | Q202: 추락방지조치 미실시한 상태에서 지하층 기둥 거푸집에 매달려 플랫타이 및 핀 고정작업 중 바닥으로 근로자 추락 | R202: ▶ 기둥 상부 작업 등 추락 위험이 있는 작업은 이동식 비계 등을 이용하여 발판 및 안전난간 등 설치 ▶ 거푸집 조립 작업 등 추락 위험이 있는 장소에서 작업 시 추락방호망, 안전난간 설치, 안전대 착용 등 추락방호조치 실시 ▶ 임시로 난간 등을 해체하여야 하는 경우 비계와 건물 사이에 추락방호망 설치
A203: 2 | B203: 2. 철근콘크리트공사 | C203: 2.1 거푸집 작업 | D203: 2.1.2 거푸집 동바리 조립 | E203: YES | F203: 거푸집 | G203: 거푸집 | H203: 12대 기인물 | I203: 11 | J203: 0.03 | K203: 2017년 3월경 | L203: 42795 | M203: 3 | N203: - | O203: 맞음 | P203: 2017년 3월경 OO건설(주) OO신축공사현장에서 협력업체 소속 재해자가 지하1층 형틀작업 과정에서 임시로 세워놓은 기둥거푸집의 버팀대가 이탈되어 넘어지는 기둥거푸집 상단부가 재해자의 뒷목을 타격하여 사망 | Q203: 인양장비에 매달지 않고 버팀대를 견고하게 설치하지 않은 상태에서 지하층 형틀작업 중 임시로 세워놓은 기둥거푸집이 버팀대의 이탈로 넘어져 근로자 뒷목 타격 | R203: ▶ 기둥거푸집이 넘어지지 않도록 인양장비에 매단 후, 견고한 구조의 버팀대를 변형 되지 않은 부재에 설치하고 작업하는 등 필요한 조치 ▶ 버팀대 설치 부재의 손상여부를 사전에 확인하고 이탈되지 않도록 쐐기ㆍ못 등으로 견고하게 고정
A204: 2 | B204: 2. 철근콘크리트공사 | C204: 2.1 거푸집 작업 | D204: 2.1.2 거푸집 동바리 조립 | E204: YES | F204: 거푸집 | G204: 거푸집 | H204: 12대 기인물 | I204: 11 | J204: 0.03 | K204: 2017년 5월경 | L204: 42856 | M204: 5 | N204: - | O204: 깔림 뒤집힘 | P204: 2017년 5월경 OO토건(주)이 시공하는 야구장 건립현장에서 재해자 2명이 외부비계에서 백스크린 벽체거푸집(14m×8m) 조립작업 중 거푸집이 전도되어 전도되는 거푸집에 깔림 | Q204: 거푸집 조립시 구조검토에 의한 조립도 미작성, 거푸집 전도방지조치 미실시한 상태로 콘크리트 옹벽 벽체거푸집 조립 작업 중 옹벽벽체 외벽 거푸집이 근로자의 전면으로 넘어져 깔림 | R204: ▶ 거푸집을 설치 할 경우 자중 또는 외력에 의해 넘어지지 않도록 견고한 구조의 버팀대 또는 지지대를 설치 ▶ 벽체거푸집 조립 시 구조에 대해 자중, 풍하중, 작업하중 등에 의한 수평방향 하중에 대해 구조검토 후 부재의 재질, 간격, 고정방법 등이 포함된 조립도를 작성 ▶ 거푸집 조립 시 긴결재, 버팀대 또는 지지대 설치 등 전도방지조치 실행
A205: 2 | B205: 2. 철근콘크리트공사 | C205: 2.1 거푸집 작업 | D205: 2.1.2 거푸집 동바리 조립 | E205: YES | F205: 거푸집 | G205: 거푸집 | H205: 12대 기인물 | I205: 11 | J205: 0.03 | K205: 2018년 3월경 | L205: 43160 | M205: 3 | N205: - | O205: 깔림 뒤집힘 | P205: 2018년 3월경 OO단독주택 신축공사 현장에서 재해자 2명이 좌측면 벽체 거푸집 설치작업 중 벽체 거푸집(높이 2.4m, 중량 약 114kg)이 넘어져 재해자를 덮침 | Q205: 거푸집 조립시 구조검토에 의한 조립도 미작성, 거푸집 전도방지조치 미실시한 상태로 콘크리트 옹벽 벽체거푸집 조립 작업 중 옹벽벽체 외벽 거푸집이 근로자의 전면으로 넘어져 깔림 | R205: ▶ 거푸집을 설치 할 경우 자중 또는 외력에 의해 넘어지지 않도록 견고한 구조의 버팀대 또는 지지대를 설치 ▶ 벽체거푸집 조립 시 구조에 대해 자중, 풍하중, 작업하중 등에 의한 수평방향 하중에 대해 구조검토 후 부재의 재질, 간격, 고정방법 등이 포함된 조립도를 작성 ▶ 거푸집 조립 시 긴결재, 버팀대 또는 지지대 설치 등 전도방지조치 실행
A206: 2 | B206: 2. 철근콘크리트공사 | C206: 2.1 거푸집 작업 | D206: 2.1.2 거푸집 동바리 조립 | E206: YES | F206: 거푸집 | G206: 거푸집 | H206: 12대 기인물 | I206: 11 | J206: 0.03 | K206: 2018년 7월경 | L206: 43282 | M206: 7 | N206: 혹서기 | O206: 떨어짐 | P206: 2018년 7월경 OO 보건소 이전 신축공사 현장에서 재해자가 벽체 거푸집(1층 의약품창고 구간) 위에서 120cm 밑에 있는 보 거푸집(1층 사무실 구간)하단으로 내려가려고 발을 내딛던 중 몸의 중심을 잃고 약 3.6m 아래 지상 콘크리트 바닥으로 추락하여 사망 | Q206: 추락방지조치 미실시한 상태에서 벽체 거푸집 위에서 보 거푸집 하단으로 내려가던 중 실족하여 중심을 잃고 바닥으로 근로자 추락 | R206: ▶ 기둥 상부 작업 등 추락 위험이 있는 작업은 이동식 비계 등을 이용하여 발판 및 안전난간 등 설치 ▶ 거푸집 조립 작업 등 추락 위험이 있는 장소에서 작업 시 추락방호망, 안전난간 설치, 안전대 착용 등 추락방호조치 실시 ▶ 임시로 난간 등을 해체하여야 하는 경우 비계와 건물 사이에 추락방호망 설치
A207: 2 | B207: 2. 철근콘크리트공사 | C207: 2.1 거푸집 작업 | D207: 2.1.2 거푸집 동바리 조립 | E207: YES | F207: 거푸집 | G207: 거푸집 | H207: 12대 기인물 | I207: 11 | J207: 0.03 | K207: 2019년 3월경 | L207: 43525 | M207: 3 | N207: - | O207: 깔림 뒤집힘 | P207: 2019년 3월경 위험지구 정비사업 현장에서 재해자가 BOX교량 안쪽 벽체 거푸집 설치작업 중 벽체거푸집(높이 2.3M, 폭 10M, 무게 약 845㎏)이 넘어지면서 가슴 등을 부딪혀 사망 | Q207: 거푸집 조립시 구조검토에 의한 조립도 미작성, 거푸집 전도방지조치 미실시한 상태로 콘크리트 옹벽 벽체거푸집 조립 작업 중 옹벽벽체 외벽 거푸집이 근로자의 전면으로 넘어져 깔림 | R207: ▶ 거푸집을 설치 할 경우 자중 또는 외력에 의해 넘어지지 않도록 견고한 구조의 버팀대 또는 지지대를 설치 ▶ 벽체거푸집 조립 시 구조에 대해 자중, 풍하중, 작업하중 등에 의한 수평방향 하중에 대해 구조검토 후 부재의 재질, 간격, 고정방법 등이 포함된 조립도를 작성 ▶ 거푸집 조립 시 긴결재, 버팀대 또는 지지대 설치 등 전도방지조치 실행
A208: 2 | B208: 2. 철근콘크리트공사 | C208: 2.1 거푸집 작업 | D208: 2.1.2 거푸집 동바리 조립 | E208: YES | F208: 거푸집 | G208: 거푸집 | H208: 12대 기인물 | I208: 11 | J208: 0.03 | K208: 2019. 3월경 | L208: 43525 | M208: 3 | N208: - | O208: 떨어짐 | P208: 2019. 3월경 OO건설(주)이 시공중인 OO신축공사 현장에서 협력업체 소속 재해자가 지상1층 보(0.5m×0.8m)상부에 서서 측면 거푸집(0.3m×1.2m) 조립 작업 중, 몸의 중심을 잃고, 지하1층 바닥(H≒3.6m)으로 떨어져 사망 | Q208: 추락방지조치 미실시한 상태에서 지상층 내부 철골 내화페인트 뿜칠작업 중 중심을 잃고 이동식비계 작업발판 위에서 근로자 추락 | R208: ▶ 추락 위험이 있는 작업 시, 안전방망, 안전난간, 안전대 부착설비 등 안전방호조치 실시 ▶ 작업 전 안전대 지급 및 착용, 체결상태 관리감독자 확인 철저
A209: 2 | B209: 2. 철근콘크리트공사 | C209: 2.1 거푸집 작업 | D209: 2.1.2 거푸집 동바리 조립 | E209: YES | F209: 거푸집 | G209: 거푸집 | H209: 12대 기인물 | I209: 11 | J209: 0.03 | K209: 2019년 5월경 | L209: 43586 | M209: 5 | N209: - | O209: 떨어짐 | P209: 2019년 5월경 OO(주)에서 시공하는 근린생활시설 신축공사현장에서, 철근콘크리트공사 협력업체 소속 재해자가 동료작업자와 함께 지상4층 보거푸집 거치 후, 거푸집에 결속되어 있던 타워크레인 양중로프를 해제하던 중 로프의 끝단이 거푸집 부속철물(긴결재)에 걸려, 보거푸집이 흔들리면서 몸의 중심을 잃고 약 3.3m 아래 콘크리트 바닥으로 떨어져 사망 | Q209: 중량물 취급 작업계획서 미흡 및 작업지휘 미실시한 상태에서 지상층에서 보거푸집에 결속되어있던 슬링벨트를 해체하여 상승시키는 과정 중 슬링벨트의 양 끝 고리부가 보거푸집에 걸려 전도됨에 따라 보거푸집 상부에 있던 근로자 추락 | R209: ▶ 추락위험이 있는 장소에서의 작업 시 안전대 부착설비 설치 및 안전대 지급 및 착용 ▶ 크레인 작업 시 작업자와 신호교육을 이수한 신호업무 담당자 각각 배치
A210: 2 | B210: 2. 철근콘크리트공사 | C210: 2.1 거푸집 작업 | D210: 2.1.2 거푸집 동바리 조립 | E210: YES | F210: 거푸집 | G210: 거푸집 | H210: 12대 기인물 | I210: 11 | J210: 0.03 | K210: 2019년 6월경 | L210: 43617 | M210: 6 | N210: 혹서기 | O210: 떨어짐 | P210: 2019년 6월경 OO건설(주) OO근생시설 신축공사 현장에서 재해자가 지하 1층 상부 슬래브의 보(0.5m×0.8m, L=9.4m) 거푸집수정(15cm 하향 설치)을 위해 거푸집 위에서 연결부 못 제거 등의 해체작업 중 보 거푸집 하부에 있던 동바리(파이프 서포트)가 넘어지면서 지지력을 상실하고 붕괴되는 충격에 의해 약 3.1m 아래 지하 1층 바닥 슬래브로 떨어져 사망 | Q210: 보거푸집 수정작업 시 보거푸집을 인양장비에 매달아 하중 지지 후 작업하여야 하나 지하층 상부 슬래브의 보거푸집 수정을 위해 거푸집 위에서 연결부 못 제거 등 해체작업 중 보거푸집 하부에 있던 동바리가 넘어지면서 보거푸집 붕괴에 따른 근로자 추락 | R210: ▶ 거푸집 위치 수정작업 시 보거푸집을 인양장비에 매달아 하중 지지 후 작업 또는 버팀대 설치 ▶ 추락 위험이 있는 장소에서의 작업 시 작업발판 설치 또는 고소작업대 투입
A211: 2 | B211: 2. 철근콘크리트공사 | C211: 2.1 거푸집 작업 | D211: 2.1.2 거푸집 동바리 조립 | E211: YES | F211: 거푸집 | G211: 거푸집 | H211: 12대 기인물 | I211: 11 | J211: 0.03 | K211: 2019년 7월경 | L211: 43647 | M211: 7 | N211: 혹서기 | O211: 떨어짐 | P211: 2019년 7월경 OO건설(주)에서 시공하는 OO블럭 근린생활시설 신축공사 현장에서, 철근콘크리트공사 협력업체 소속 재해자가 동료작업자와 함께 지상2층 보거푸집 설치 후, 보거푸집에 결속되어 있던 이동식크레인의 슬링벨트를 해체하여 상승시키는 과정 중 슬링벨트의 아이(EYE)부가 보거푸집에 걸려 전도되면서, 보거푸집 상부에 있던 재해자가 약 5m 아래 콘크리트 바닥으로 떨어져 사망 | Q211: 중량물 취급 작업계획서 미흡 및 작업지휘 미실시한 상태에서 지상층에서 보거푸집에 결속되어있던 슬링벨트를 해체하여 상승시키는 과정 중 슬링벨트의 양 끝 고리부가 보거푸집에 걸려 전도됨에 따라 보거푸집 상부에 있던 근로자 추락 | R211: ▶ 추락위험이 있는 장소에서의 작업 시 안전대 부착설비 설치 및 안전대 지급 및 착용 ▶ 크레인 작업 시 작업자와 신호교육을 이수한 신호업무 담당자 각각 배치
A212: 2 | B212: 2. 철근콘크리트공사 | C212: 2.1 거푸집 작업 | D212: 2.1.2 거푸집 동바리 조립 | E212: YES | F212: 거푸집 | G212: 거푸집 | H212: 12대 기인물 | I212: 11 | J212: 0.03 | K212: 2019년 10월 | L212: 43739 | M212: 10 | N212: - | O212: 떨어짐 | P212: 2019년 10월경 OO병원 증축 및 리모델링 공사 현장에서 시스템 동바리 상부 멍에재의 간격을 맞추기 위해 보 거푸집에서 시스템 동바리로 이동하던 중 시스템 동바리 최상단에 걸쳐있는 합판(t≒ 10mm)을 밟고, 높이 5m 아래 바닥으로 추락 | Q212: 추락방지조치 미실시한 상태에서 벽체 거푸집 위에서 보 거푸집 하단으로 내려가던 중 실족하여 중심을 잃고 바닥으로 근로자 추락 | R212: ▶ 기둥 상부 작업 등 추락 위험이 있는 작업은 이동식 비계 등을 이용하여 발판 및 안전난간 등 설치 ▶ 거푸집 조립 작업 등 추락 위험이 있는 장소에서 작업 시 추락방호망, 안전난간 설치, 안전대 착용 등 추락방호조치 실시 ▶ 임시로 난간 등을 해체하여야 하는 경우 비계와 건물 사이에 추락방호망 설치
... A278: 1 | B278: 1. 토공사 | C278: 1.1 굴착 작업 | D278: 1.1.3 굴착 토사반출 | E278: YES | F278: 건설기계 | G278: 굴착기 | H278: 12대 기인물 | I278: 5 | J278: 0.049 | K278: 2016년 7월경 | L278: 42552 | M278: 7 | N278: 혹서기 | O278: 깔림 뒤집힘 | P278: 2016년 7월경 OO공사에서 굴착기를 이용하여 CIP 천공 배출토사를 정리하던 중 굴착기 후방을 지나던 재해자가 굴착기 오른쪽 궤도에 끼어 사망 | Q278: 작업장소 이동 중 전〮후진을 반복하며 배출토사를 정리하던 굴착기에 깔림 | R278: ▶ 차량계 건설기계 전담 신호수 또는 유도자를 배치하여 작업반경 내에 근로자의 출입을 통제함 ▶ 굴삭기 후사경, 후방카메라, 후방감지장치 등 방호장치 설치
A279: 1 | B279: 1. 토공사 | C279: 1.1 굴착 작업 | D279: 1.1.3 굴착 토사반출 | E279: YES | F279: 건설기계 | G279: 기타건설장비 | H279: 해당없음 | I279: 해당없음 | J279: 해당없음 | K279: 2017년 2월경 | L279: 42767 | M279: 2 | N279: 혹한기 | O279: 맞음 | P279: 2017년 2월경 OO공사에서 재해자가 지반개량장비 해체작업으로 롯드 연결핀을 제거하기 위해 하부 밴드위에서 상승하던 중 달기체인에 고정되어 있던 상부밴드가 떨어지면서 맞아 사망 | Q279: 지반개량장비 해체작업으로 롯드 연결 핀을 제거하기 위해 하부밴드 위에서 상승하던 중 달기체인에 고정되어 있던 상부밴드가 낙하하여 맞음 | R279: ▶ 상부밴드 낙하 등으로 근로자에게 위험을 미칠 우려가 있는 장소에 출입금지하고 작업발판 설치 후 작업 실시 ▶ 차량계 건설기계 해체작업 시 안전조치 하기 위해 안전지주 또는 안전블록 등 설치
A280: 1 | B280: 1. 토공사 | C280: 1.1 굴착 작업 | D280: 1.1.3 굴착 토사반출 | E280: YES | F280: 건설기계 | G280: 이동식크레인 | H280: 12대 기인물 | I280: 12 | J280: 0.023 | K280: 2017년 3월경 | L280: 42795 | M280: 3 | N280: - | O280: 깔림 뒤집힘 | P280: 2017년 3월경 OO공사에서 재해자가 굴착 바닥면에서 집수정 양수기를 점검 후 올라오기 위해 이동하던 중 상부에서 내려오던 토사 양중용 버킷에 깔려 사망 | Q280: 작업장소 이동 중 지상에서 하강하는 크램쉘 버켓에 깔림 | R280: ▶ 차량계 건설기계 사용 시 유도자 배치 후 인원 통제 실시 ▶ 차량계 건설기계를 사용하는 작업 전 작업장 상태에 관한 사전조사 실시
A281: 1 | B281: 1. 토공사 | C281: 1.1 굴착 작업 | D281: 1.1.3 굴착 토사반출 | E281: YES | F281: 건설기계 | G281: 기타건설장비 | H281: 해당없음 | I281: 해당없음 | J281: 해당없음 | K281: 2017년 8월경 | L281: 42948 | M281: 8 | N281: 혹서기 | O281: 깔림 뒤집힘 | P281: 2017년 8월경 OO공사에서 재해자가 지하 6층(GL=-28.0m)에서 숏크리트 압송 배관 정리 작업을 하며 이동하던 중 지상에서 하강하는 크램쉘 버켓(1.68x1.4x1.25m, 1.2ton)에 깔려 사망 | Q281: 작업장소 이동 중 지상에서 하강하는 크램쉘 버켓에 깔림 | R281: ▶ 차량계 건설기계 사용 시 유도자 배치 후 인원 통제 실시 ▶ 차량계 건설기계를 사용하는 작업 전 작업장 상태에 관한 사전조사 실시
A282: 1 | B282: 1. 토공사 | C282: 1.1 굴착 작업 | D282: 1.1.3 굴착 토사반출 | E282: YES | F282: 건설기계 | G282: 트럭 | H282: 12대 기인물 | I282: 9 | J282: 0.034 | K282: 2017년 10월 | L282: 43009 | M282: 10 | N282: - | O282: 깔림 뒤집힘 | P282: 2017년 10월경 OO공사에서 재해자가 현장 내 제방 진입도로(농로)에서 일반차량 진입을 통제하던 중 후진하는 덤프트럭에 부딪혀 사망 | Q282: 작업 중 후진하는 덤프트럭에 부딪힌 후 깔림 | R282: ▶ 차량계 건설기계 작업시 근로자 출입 통제 및 장비에 부딪칠 위험이 없는 장소에 유도자 배치 ▶ 덤프트럭 운전자 간 명확한 신호방법 설정 및 신호수의 안전한 배치 위치 등을 준수 하에 유도업무 수행 ▶ 후방카메라 설치 등 장비에 의한 접촉방지조치 실행 ▶ 작업장 내 안전한 근로자 통행로 설치
A283: 1 | B283: 1. 토공사 | C283: 1.1 굴착 작업 | D283: 1.1.3 굴착 토사반출 | E283: YES | F283: 건설기계 | G283: 트럭 | H283: 12대 기인물 | I283: 9 | J283: 0.034 | K283: 2017년 11월 | L283: 43040 | M283: 11 | N283: - | O283: 깔림 뒤집힘 | P283: 2017년 11월경 OO공사에서 재해자가 현장 내 가설도로를 이동하던 중 토사반출을 위해 주행하던 덤프트럭(25.5ton)에 부딪혀 사망 | Q283: 작업장소를 이동하던 중 진입하던 덤프트럭에 부딪힌 후 깔림 | R283: ▶ 차량계 건설기계 작업시 근로자 출입 통제 및 장비에 부딪칠 위험이 없는 장소에 유도자 배치 ▶ 덤프트럭 운전자 간 명확한 신호방법 설정 및 신호수의 안전한 배치 위치 등을 준수 하에 유도업무 수행 ▶ 후방카메라 설치 등 장비에 의한 접촉방지조치 실행 ▶ 작업장 내 안전한 근로자 통행로 설치
A284: 1 | B284: 1. 토공사 | C284: 1.1 굴착 작업 | D284: 1.1.3 굴착 토사반출 | E284: YES | F284: 건설기계 | G284: 굴착기 | H284: 12대 기인물 | I284: 5 | J284: 0.049 | K284: 2017년 12월 | L284: 43070 | M284: 12 | N284: 혹한기 | O284: 떨어짐 | P284: 2017년 12월경 OO공사에서 재해자가 복공판 위에서 토사 상차 중이던 굴착기 후미에 부딪쳐 그 충격으로 복공판 하부 8.0M 아래 굴착면으로 추락하여 사망 | Q284: 복공판 위에서 토사 상차작업 중 회전하는 굴착기 후미에 부딪힌 후 복공판 하부로 추락 | R284: ▶ 차량계 건설기계 전담 신호수 또는 유도자를 배치하여 작업반경 내에 근로자의 출입을 통제함 ▶ 굴삭기 후사경, 후방카메라, 후방감지장치 등 방호장치 설치
A285: 1 | B285: 1. 토공사 | C285: 1.1 굴착 작업 | D285: 1.1.3 굴착 토사반출 | E285: YES | F285: 건설기계 | G285: 트럭 | H285: 12대 기인물 | I285: 9 | J285: 0.034 | K285: 2018년 1월경 | L285: 43101 | M285: 1 | N285: 혹한기 | O285: 떨어짐 | P285: 2018년 1월경 OO공사에서 덤프트럭(41.7ton)을 운전하여 비포장도로(폭≒8m)를 올라가던 중 덤프트럭이 전복되면서 약 35m아래 비포장도로로 추락하여 사망 | Q285: 상차작업을 위해 덤프트럭 운전원이 비포장도로를 올라가던 중 미상의 이유로 전복되면서 차량과 함께 추락 | R285: ▶ 차량운행 중 넘어지거나 굴러 떨어질 위험이 있는 운행구간에서 차량 유도자를 배치하여 전복사고 예방 ▶ 덤프트럭 하역작업 시 차량 전도 등 비상사태를 예방하기 위해 안전벨트 등 보호구 상시 착용
A286: 1 | B286: 1. 토공사 | C286: 1.1 굴착 작업 | D286: 1.1.3 굴착 토사반출 | E286: YES | F286: 건설기계 | G286: 트럭 | H286: 12대 기인물 | I286: 9 | J286: 0.034 | K286: 2018년 8월경 | L286: 43313 | M286: 8 | N286: 혹서기 | O286: 떨어짐 | P286: 2018년 8월경 OO공사에서 덤프트럭(25.5ton)을 운전하여 토사반출 작업 중 현장 출입구를 나와 인근 외부도로에 정차 후 적재함 위에 올라가 덮개를 점검하다가 도로 바닥으로 추락(약 2.55m)하여 사망 | Q286: 덤프트럭을 정차 후 적재함에 올라가 덮개를 점검하다가 실족하여 바닥으로 추락 | R286: ▶ 불안정한 자세 등으로 무리하게 수리, 점검작업 금지 ▶ 점검 전 추락 위험 방지 조치 실시 ▶ 차량계 건설기계 운전자가 운전위치 이탈 시 브레이크 또는 고임목 설치 등 차량 이탈 방지를 위한 조치 실시
A287: 1 | B287: 1. 토공사 | C287: 1.1 굴착 작업 | D287: 1.1.3 굴착 토사반출 | E287: YES | F287: 건설기계 | G287: 트럭 | H287: 12대 기인물 | I287: 9 | J287: 0.034 | K287: 2018년 8월경 | L287: 43313 | M287: 8 | N287: 혹서기 | O287: 깔림 뒤집힘 | P287: 2018년 8월경 OO공사에서 재해자가 현장 출입구에서 토사반출 차량을 유도하던 중 도로에서 우회전하여 현장으로 진입하던 덤프트럭에 부딪혀 사망 | Q287: 진출 차량을 유도하던 중 우회전하여 진입하는 덤프트럭에 깔림 | R287: ▶ 차량계 건설기계 작업시 근로자 출입 통제 및 장비에 부딪칠 위험이 없는 장소에 유도자 배치 ▶ 덤프트럭 운전자 간 명확한 신호방법 설정 및 신호수의 안전한 배치 위치 등을 준수 하에 유도업무 수행 ▶ 후방카메라 설치 등 장비에 의한 접촉방지조치 실행 ▶ 작업장 내 안전한 근로자 통행로 설치
A288: 1 | B288: 1. 토공사 | C288: 1.1 굴착 작업 | D288: 1.1.3 굴착 토사반출 | E288: YES | F288: 건설기계 | G288: 트럭 | H288: 12대 기인물 | I288: 9 | J288: 0.034 | K288: 2018년 10월 | L288: 43374 | M288: 10 | N288: - | O288: 끼임 | P288: 2018년 10월경 OO공사에서 재해자가 사토지에서 덤프트럭을 정차하고 운전석에서 내려 대기하던 중 트럭이 밀리면서 내려오는 덤프트럭과 정차 중인 덤프트럭 사이에 머리가 끼어 사망 | Q288: 덤프트럭 운전원이 정차 후 주차 브레이크를 작동하지 않고 하자한 상태에서 트럭이 밀리는 것을 인지하고 후방에 있던 다른 차량과의 충돌을 막기 위해 트럭 뒷편으로 이동하다가 두 차량 사이에 끼임 | R288: ▶ 차량계 건설기계 운전원이 운전위치 이탈 시 브레이크 또는 고임목 설치 등 차량 이탈 방지를 위한 조치 실시 ▶ 차량계 건설기계를 경사로에 주차하는 경우 핸드(주차) 브레이크와 풋 브레이크를 함께 사용 ▶ 차량계 건설기계가 경사로로 밀려 내러가는 경우, 무리하게 인력으로 차량을 막아서는 행위 금지
A289: 1 | B289: 1. 토공사 | C289: 1.1 굴착 작업 | D289: 1.1.3 굴착 토사반출 | E289: YES | F289: 건설기계 | G289: 트럭 | H289: 12대 기인물 | I289: 9 | J289: 0.034 | K289: 2018년 11월 | L289: 43405 | M289: 11 | N289: - | O289: 깔림 뒤집힘 | P289: 2018년 11월경 OO공사에서 재해자가 현장 출입구에서 도로 측으로 덤프트럭을 유도하던 중 재해자 위치를 인지하지 못하고 우회전하는 덤프트럭에 깔려 사망 | Q289: 덤프트럭 전면부에서 도로측으로 유도하던 중 유도자 위치를 인지하지 못하고 우회전하는 덤프트럭에 낄림 | R289: ▶ 차량계 건설기계 작업시 근로자 출입 통제 및 장비에 부딪칠 위험이 없는 장소에 유도자 배치 ▶ 덤프트럭 운전자 간 명확한 신호방법 설정 및 신호수의 안전한 배치 위치 등을 준수 하에 유도업무 수행 ▶ 후방카메라 설치 등 장비에 의한 접촉방지조치 실행 ▶ 작업장 내 안전한 근로자 통행로 설치
A290: 1 | B290: 1. 토공사 | C290: 1.1 굴착 작업 | D290: 1.1.3 굴착 토사반출 | E290: YES | F290: 건설기계 | G290: 굴착기 | H290: 12대 기인물 | I290: 5 | J290: 0.049 | K290: 2019년 5월경 | L290: 43586 | M290: 5 | N290: - | O290: 끼임 | P290: 2019년 5월경 OO공사에서 재해자가 덤프트럭을 정차한 후 트럭뒷문 주변에 남아있는 잔여 토사를 제거하던 중 굴착기가 덤프트럭 쪽으로 후진하면서 그 사이에 끼어 사망 | Q290: 덤프트럭 후면에서 트럭점검 중 후진하는 굴삭기와 덤프트럭 사이에 끼임 | R290: ▶ 차량계 건설기계 전담 신호수 또는 유도자를 배치하여 작업반경 내에 근로자의 출입을 통제함 ▶ 굴삭기 후사경, 후방카메라, 후방감지장치 등 방호장치 설치
A291: 1 | B291: 1. 토공사 | C291: 1.1 굴착 작업 | D291: 1.1.3 굴착 토사반출 | E291: YES | F291: 건설기계 | G291: 트럭 | H291: 12대 기인물 | I291: 9 | J291: 0.034 | K291: 2020년 7월경 | L291: 44013 | M291: 7 | N291: 혹서기 | O291: 끼임 | P291: 2020년 7월경 OO공사에서 저수지 내 임시물막이 접속구간 진입로 개설작업 중 재해자가 토사하차를 위해 덤프트럭을 후진하다가 뒷바퀴 부근의 토사가 무너지면서 저수지 내부로 굴러떨어져 차량에 끼어 사망 | Q291: 덤프트럭을 후진하던 중 뒷바퀴 부위의 토사가 붕괴되어 저수지로 굴러 떨어져 협착 | R291: ▶ 차량계 건설기계의 전도방지를 위한 유도자 배치, 침하방지 등 조치 실시 ▶ 침하 위험이 있는 구역은 접근금지표시, 방지턱, 스토퍼 설치
A292: 1 | B292: 1. 토공사 | C292: 1.1 굴착 작업 | D292: 1.1.3 굴착 토사반출 | E292: YES | F292: 건설기계 | G292: 굴착기 | H292: 12대 기인물 | I292: 5 | J292: 0.049 | K292: 2020년 12월 | L292: 44166 | M292: 12 | N292: 혹한기 | O292: 깔림 뒤집힘 | P292: 2020년 12월경 OO공사에서 재해자가 토사운반 중이던 굴착기 주변에서 삽으로 토사(뻘) 잔재물을 정리하던 중 후진하던 굴착기에 깔려 사망 | Q292: 작업 중 후진하는 굴착기에 깔림 | R292: ▶ 차량계 건설기계 전담 신호수 또는 유도자를 배치하여 작업반경 내에 근로자의 출입을 통제함 ▶ 굴삭기 후사경, 후방카메라, 후방감지장치 등 방호장치 설치
A293: 1 | B293: 1. 토공사 | C293: 1.1 굴착 작업 | D293: 1.1.3 굴착 토사반출 | E293: YES | F293: 건설기계 | G293: 트럭 | H293: 12대 기인물 | I293: 9 | J293: 0.034 | K293: 2021년 2월경 | L293: 44228 | M293: 2 | N293: 혹한기 | O293: 끼임 | P293: 2021년 2월경 OO공사에서 재해자가 토사 하차과정을 확인하던 중 후진하던 굴착기와 정차한 덤프트럭 후방 사이에 끼어 사망 | Q293: 덤프트럭 후면에서 토사 하차를 확인하던 중 후진하는 굴착기와 덤프트럭 사이에 끼임 | R293: ▶ 차량계 건설기계 작업시 근로자 출입 통제 및 장비에 부딪칠 위험이 없는 장소에 유도자 배치 ▶ 덤프트럭 운전자 간 명확한 신호방법 설정 및 신호수의 안전한 배치 위치 등을 준수 하에 유도업무 수행 ▶ 후방카메라 설치 등 장비에 의한 접촉방지조치 실행 ▶ 작업장 내 안전한 근로자 통행로 설치
... A301: 1 | B301: 1. 토공사 | C301: 1.2 흙막이 지보공 작업 | D301: 1.2.2 흙막이 지보공 설치 | E301: YES | F301: 건설기계 | G301: 이동식크레인 | H301: 12대 기인물 | I301: 12 | J301: 0.023 | K301: 2017년 2월경 | L301: 42767 | M301: 2 | N301: 혹한기 | O301: 부딪힘 접촉 | P301: 2017년 2월경 주상복합 신축공사 현장에서 재해자가 흙막이 가시설 6단 띠장 지지용 브라켓을 용접하기 위해 굴착 토사 반출위치(크램쉘 버킷 수직 이동구간) 흙막이 벽체 쪽으로 이동중 하강중이던 크램쉘 버킷에 깔려 사망 | Q301: 시야가 미확보된 상태에서 회전하는 차량계 건설기계 붐대에 충돌 | R301: ▶ 차량계 건설기계 작업을 하는 경우 작업지휘자 지정 및 안전한 작업 지휘 ▶ 차량계 건설기계를 사용하여 작업하는 경우 장비와 근로자가 부딪힐 위험이 있는 장소에는 근로자 출입 통제 및 유도자 배치
A302: 1 | B302: 1. 토공사 | C302: 1.2 흙막이 지보공 작업 | D302: 1.2.2 흙막이 지보공 설치 | E302: YES | F302: 건설기계 | G302: 천공기/항타기 | H302: 해당없음 | I302: 해당없음 | J302: 해당없음 | K302: 2017년 2월경 | L302: 42767 | M302: 2 | N302: 혹한기 | O302: 맞음 | P302: 2017년 2월경 오피스텔 신축공사 현장에서 재해자가 차수공 천공 주입 중 천공장비 상부 리더에 부착되어 있던 로프걸이용 도르레가 30m 낙하하여 맞아 사망 | Q302: 천공장비 상부 리더에 부착되어 있건 로프걸이용 도르레가 파단되어 낙하하여 운전중이던 근로자가 맞음 | R302: ▶ 차량계 건설기계 사용에 따른 작업계획서 작성 및 작업지휘자 지정 ▶ 작업 전 재료∙기구의 결함 유무를 점검하고 불량품 제거 후 작업 실시
A303: 1 | B303: 1. 토공사 | C303: 1.2 흙막이 지보공 작업 | D303: 1.2.2 흙막이 지보공 설치 | E303: YES | F303: 건설기계 | G303: 천공기/항타기 | H303: 해당없음 | I303: 해당없음 | J303: 해당없음 | K303: 2017년 2월경 | L303: 42767 | M303: 2 | N303: 혹한기 | O303: 맞음(낙하물체) | P303: 2017년 2월경 호텔 신축현장에서 재해자가 흙막이 가시설인 쉬트파일의 항타작업을 위해 지반에 세워진 쉬트파일 수직도를 조정한 후 쐐기 설치를 하려는 순간 크롤러 크레인의 와이어로프에 매달려 있던 바이브로 해머를 쉬트파일에 물리는 과정에서 바이브로 해머가 약 10mn 아래로 낙하되어 맞아 사망 | Q303: 크레인의 와이어 로프에 매달려있던 바이브로 해머가 운전 조작방법 미숙 등으로 낙하 | R303: ▶ 중량물 인양시 작업순서 및 방법, 사용장비, 인양물 탈락방지 및 근로자 출입금지 관련 작업계획서 작성 ▶ 중량물 취급 작업 시 근로자 출입 통제 및 유도자 배치
A304: 1 | B304: 1. 토공사 | C304: 1.2 흙막이 지보공 작업 | D304: 1.2.2 흙막이 지보공 설치 | E304: YES | F304: 건설기계 | G304: 굴착기 | H304: 12대 기인물 | I304: 5 | J304: 0.049 | K304: 2019년 3월경 | L304: 43525 | M304: 3 | N304: - | O304: 부딪힘 접촉 | P304: 2019년 3월경 도시철도 건설현장에서 재해자가 수직구 굴착바닥으로 이동하던 중 토사 상차를 위해 상부에서 하강하던 크램쉘의 버킷에 충돌하여 사망 | Q304: 시야가 미확보된 상태에서 회전하는 차량계 건설기계 붐대에 충돌 | R304: ▶ 차량계 건설기계 작업을 하는 경우 작업지휘자 지정 및 안전한 작업 지휘 ▶ 차량계 건설기계를 사용하여 작업하는 경우 장비와 근로자가 부딪힐 위험이 있는 장소에는 근로자 출입 통제 및 유도자 배치
A305: 1 | B305: 1. 토공사 | C305: 1.2 흙막이 지보공 작업 | D305: 1.2.2 흙막이 지보공 설치 | E305: YES | F305: 건설기계 | G305: 굴착기 | H305: 12대 기인물 | I305: 5 | J305: 0.049 | K305: 2020년 7월경 | L305: 44013 | M305: 7 | N305: 혹서기 | O305: 맞음 | P305: 2020년 7월경 하수처리시설 건설공사 현장에서 재해자가 흙막이 가시설 6단 띠장 용접작업 중 지상에서 면고르기 작업하던 굴착기의 버킷이 탈락으로 낙하되어 맞아 사망 | Q305: 굴삭기 버켓과 철재 플레이트의 용접작업 중 버켓이 굴착 사면 하부로 굴러내려가 흙막이가시설 6단 띠장 홈메우기 용접작업 중이던 재해자를 강타 | R305: ▶ 차량계 건설기계의 수리나 부속장치의 장착 및 제거작업을 하는 경우 작업지휘자 지정 및 안전한 작업 지휘 ▶ 차량계 건설기계를 사용하여 작업하는 경우 장비와 근로자가 부딪힐 위험이 있는 장소에는 근로자 출입 통제 및 유도자 배치
A306: 1 | B306: 1. 토공사 | C306: 1.2 흙막이 지보공 작업 | D306: 1.2.3 흙막이 지보공 해체 | E306: YES | F306: 건설기계 | G306: 이동식크레인 | H306: 12대 기인물 | I306: 12 | J306: 0.023 | K306: 2017년 5월경 | L306: 42856 | M306: 5 | N306: - | O306: 떨어짐 | P306: 2017년 5월경 OO타워 신축공사 현장에서 재해자가 1단 버팀대 위에 서서 3단 띠장 해체 신호를 하는 중 떨어진 중간말뚝에 맞아 몸의 균형을 잃고 기계실 하부(H≒9.0m) 콘크리트 바닥으로 추락하여 사망 | Q306: 안전대를 착용하지 않고 버팀보 위를 이동 중 근로자가 균형을 잃고 굴착저면으로 추락 | R306: ▶ 추락위험이 있는 장소에서 작업 시 안전난간이나 추락방호망을 설치 ▶ 추락위험이 있는 장소에서 작업 시 안전대를 지급하고 착용한 상태에서 작업 실시
A307: 1 | B307: 1. 토공사 | C307: 1.2 흙막이 지보공 작업 | D307: 1.2.3 흙막이 지보공 해체 | E307: YES | F307: 건설기계 | G307: 굴착기 | H307: 12대 기인물 | I307: 5 | J307: 0.049 | K307: 2019년 7월경 | L307: 43647 | M307: 7 | N307: 혹서기 | O307: 부딪힘 접촉 | P307: 2019년 7월경 아파트 신축공사현장에서 재해자가 흙막이지보공 파일을 인발하기 위해 굴삭기 무한궤도에 묻어 있는 흙을 제거한 후 이동 중 후진하는 굴삭기의 무한궤도에 깔려 사망 | Q307: 시야가 확보되지 않은 상태로 후진중인 굴삭기에 주변 근로자가 충돌 | R307: ▶ 건설기계와 근로자 접촉방지를 위해 신호수 또는 유도자를 배치한 후 이동, 접촉에 위험이 있는 장소는 인원을 통제 ▶ 굴삭기 후방감지센서, 후방카메라, 경보장치 등 설치 및 정상 작동여부 확인 ▶ 장비동선과 근로자 안전통로를 구분하여 운영
A308: 1 | B308: 1. 토공사 | C308: 1.3 기초파일 작업 | D308: 1.3.1 기초파일 자재, 장비반입, 운반, 보관 | E308: YES | F308: 건설기계 | G308: 굴착기 | H308: 12대 기인물 | I308: 5 | J308: 0.049 | K308: 2015년 4월경 | L308: 42095 | M308: 4 | N308: - | O308: 맞음 | P308: 2015년 4월경 OO정비공사 현장에서 재해자가 굴삭기로 시트파일 적재를 보조하던 중, 고리걸이 훅에 설치된 단기 와이어로프가 이탈되면서 시트파일(약 300kg)에 머리와 복부 등을 맞아 사망 | Q308: 기초 파일 자재를 굴삭기를 이용하여 이동시키던 중 와이어로프가 훅으로부터 이탈되면서 철판에 맞음 | R308: ▶ 차량계 건설기계 작업시 근로자 출입 통제 및 유도자 배치 ▶ 중량물 취급시 작업계획서를 사전에 작성하고 관리감독자를 배치하여 작업계획서에 맞게 작업 ▶ 중량물 인양 시 외줄달기 지양 및 중량물취급 안전작업방법(두줄걸이) 준수
A309: 1 | B309: 1. 토공사 | C309: 1.3 기초파일 작업 | D309: 1.3.1 기초파일 자재, 장비반입, 운반, 보관 | E309: YES | F309: 건설기계 | G309: 이동식크레인 | H309: 12대 기인물 | I309: 12 | J309: 0.023 | K309: 2016년 3월경 | L309: 42430 | M309: 3 | N309: - | O309: 맞음(낙하물체) | P309: 2016년 3월경 OO건설 아울렛 신축공사 현장에서 재해자 등 3명이 기초보강 마이크로파일 설치작업 중 마이크로파일이 지중에 걸려 이를 빼내기 위하여 무리하게 작업하는 과정에서 마이크로 파일을 들고 있던 로더크레인(카고크레인)의 턴테이블이 파손되어 붐대가 지면으로 떨어지면서 밑에서 작업 중이던 재해자가 맞아 사망 | Q309: 기초보강 마이크로파일 설치작업 중 지중에 걸린 파일을 무리하게 인양하여 로더크레인의 턴테이블 파손으로 붐대가 지면으로 낙하 | R309: ▶ 중량물 인양 시 과부하방지장치의 경보가 울리는 경우 인양작업 중단 또는 분할하여 작업 수행 ▶ 지중에 지장물 등으로 작업이 중단될 경우 무리한 단독작업 금지 ▶ 중량물 인양 시 크레인을 차량엔진 반대방향으로 설치하여 차량의 엔진부가 카운터웨이트 역할을 하도록 설치
A310: 1 | B310: 1. 토공사 | C310: 1.3 기초파일 작업 | D310: 1.3.1 기초파일 자재, 장비반입, 운반, 보관 | E310: YES | F310: 건설기계 | G310: 굴착기 | H310: 12대 기인물 | I310: 5 | J310: 0.049 | K310: 2016년 4월경 | L310: 42461 | M310: 4 | N310: - | O310: 깔림 뒤집힘 | P310: 2016년 4월경 OO(주)에서 시공 중인 업무시설 신축공사 현장에서 재해자는 굴삭기의 훅에 슬링벨트를 걸어 인양·운반 작업 중이던 천공기의 완충기(약 1ton)가 흔들리지 않도록 직접 손으로 잡고 운반하던 중, 굴삭기의 버킷(약 420kg)이 떨어져(H≒2.2m) 깔려 사망 | Q310: 굴삭기의 훅에 슬링벨트를 걸어 인양 및 운반 작업 중 안전핀이 설치되지 않은 굴삭기의 버킷이 떨어져 하부에 있던 근로자가 깔림 | R310: ▶ 차량계 건설기계의 주 용도에 맞게 사용하는지 확인 ▶ 중량물 인양 작업 시 두 군데 이상 결속하여 부재의 흔들림 및 이탈 방지
A311: 1 | B311: 1. 토공사 | C311: 1.3 기초파일 작업 | D311: 1.3.1 기초파일 자재, 장비반입, 운반, 보관 | E311: YES | F311: 건설기계 | G311: 굴착기 | H311: 12대 기인물 | I311: 5 | J311: 0.049 | K311: 2016년 4월경 | L311: 42461 | M311: 4 | N311: - | O311: 맞음 | P311: 2016년 4월경 OO건설(주) OO 주상복합 개발사업 중 토목공사 현장에서 협력업체 OO(주) 소속의 재해자가 굴삭기 훅에서 이탈된 천공기 전도방지용 철판(6.25m×2.45m×0.015m, 무게 약 1.8t)에 머리를 맞아 사망 | Q311: 기초 파일 자재를 굴삭기를 이용하여 이동시키던 중 와이어로프가 훅으로부터 이탈되면서 철판에 맞음 | R311: ▶ 차량계 건설기계 작업시 근로자 출입 통제 및 유도자 배치 ▶ 중량물 취급시 작업계획서를 사전에 작성하고 관리감독자를 배치하여 작업계획서에 맞게 작업 ▶ 중량물 인양 시 외줄달기 지양 및 중량물취급 안전작업방법(두줄걸이) 준수
A312: 1 | B312: 1. 토공사 | C312: 1.3 기초파일 작업 | D312: 1.3.1 기초파일 자재, 장비반입, 운반, 보관 | E312: YES | F312: 건설기계 | G312: 이동식크레인 | H312: 12대 기인물 | I312: 12 | J312: 0.023 | K312: 2016년 4월경 | L312: 42461 | M312: 4 | N312: - | O312: 떨어짐 | P312: 2016년 4월경 OO(주) 항타기 자재 야적장에서 재해자(비계 보조공)가 케이싱 더미 속에 있던 케이싱을 빼내기 위해, 위에 놓인 케이싱(외경 : 540~600㎜, 길이 : 7.4m)을 인양하던 중 회전하던 케이싱 비트 부분에 왼쪽 가슴을 강타 당하여 약 2.2m 아래 케이싱으로 추락하여 사망 | Q312: 자재 야적장에서 케이싱을 인양하여 유도작업을 하던 중 회전하던 케이싱 비트에 맞아 아래로 추락 | R312: ▶ 작업 시작 전 사용 장비의 안전장치(와이어로프 등) 설치 및 작동상태 확인 ▶ 중량물 인양 시 중량물이 작업자의 머리 위로 통과하지 않도록 통제 ▶ 중량물 인양 시 인양을 유도하기 위한 보조로프 사용
A313: 1 | B313: 1. 토공사 | C313: 1.3 기초파일 작업 | D313: 1.3.1 기초파일 자재, 장비반입, 운반, 보관 | E313: YES | F313: 건설기계 | G313: 천공기/항타기 | H313: 해당없음 | I313: 해당없음 | J313: 해당없음 | K313: 2016년 7월경 | L313: 42552 | M313: 7 | N313: 혹서기 | O313: 끼임 | P313: 2016년 7월경 OO공장 신축공사 현장에서 지면이 견고하지 못한 상태에서 항타기를 다른 작업지점으로 이동하는 과정에서 항타기의 균형유지 등을 위하여 이동 할 지면에 깔아놓을 무게3ton 철판(깔판)을 항타기에 부착된 인양장치를 이용 인양하는 중에 보조 작업자인 재해자가 후크를 완전히 고정하지 않은 상태에서 인양 중에 철판이 고리에서 탈락하면서 재해자를 덮쳐 철판과 지면 사이에서 협착하여 사망 | Q313: 항타기 이동을 위해 항타기에 부착되어 있는 인양장치를 이용하여 철판을 인양하던 중 후크를 완전히 고정하지 않아 철판이 탈락하여 근로자를 덮쳐 철판과 지면사이에 협착 | R313: ▶ 차량계 건설기계 작업시 근로자 출입 통제 및 유도자 배치 ▶ 중량물 취급시 작업계획서를 사전에 작성하고 관리감독자를 배치하여 작업계획서에 맞게 작업 ▶ 중량물 인양 시 외줄달기 지양 및 중량물취급 안전작업방법(두줄걸이) 준수
A314: 1 | B314: 1. 토공사 | C314: 1.3 기초파일 작업 | D314: 1.3.1 기초파일 자재, 장비반입, 운반, 보관 | E314: YES | F314: 건설기계 | G314: 천공기/항타기 | H314: 해당없음 | I314: 해당없음 | J314: 해당없음 | K314: 2017년 9월경 | L314: 42979 | M314: 9 | N314: - | O314: 깔림 뒤집힘 | P314: 2017년 9월경 ㈜OO건설 OO 신축공사 현장에서 항타기를 사용하여 자재함을 지면에 내려놓는 작업 중 장비신호수인 재해자가 자재함에 깔려 사망 | Q314: 항타기 리더에 와이어로프를 부착하여 자재함을 인양하여 지면에 내려놓는 작업 중 장비신호수가 자재함에 깔림 | R314: ▶ 차량계 건설기계 작업시 근로자 출입 통제 및 유도자 배치 ▶ 중량물 취급시 작업계획서를 사전에 작성하고 관리감독자를 배치하여 작업계획서에 맞게 작업 ▶ 중량물 인양 시 외줄달기 지양 및 중량물취급 안전작업방법(두줄걸이) 준수
A315: 1 | B315: 1. 토공사 | C315: 1.3 기초파일 작업 | D315: 1.3.1 기초파일 자재, 장비반입, 운반, 보관 | E315: YES | F315: 건설기계 | G315: 굴착기 | H315: 12대 기인물 | I315: 5 | J315: 0.049 | K315: 2017년 10월 | L315: 43009 | M315: 10 | N315: - | O315: 부딪힘 접촉 | P315: 2017년 10월경 OO건설에서 시공중인 OO설치공사 현장에서 OO건설 소속 재해자가 바지선에 적재된 강관파일(지름≒0.5m, L≒14.3m, 무게≒2톤)을 굴삭기(06W)를 이용하여 하역작업을 하기위해 와이어로프를 연결한 후 바지선 상부에 서있던 중 굴삭기에 의해 끌려오던 강관파일이 측면으로 구르며 서있던 재해자와 1차 충돌 후 재해자와 함께 바다 바닥(H≒3.5m)으로 떨어져 사망 | Q315: 바지선에 적재된 강관파일을 굴삭기를 이용하여 하역 중 굴삭기에 의해 끌려오던 강관파일이 측면으로 구르며 부딪힘 | R315: ▶ 차량계 건설기계 작업시 근로자 출입 통제 및 유도자 배치 ▶ 중량물 취급시 작업계획서를 사전에 작성하고 관리감독자를 배치하여 작업계획서에 맞게 작업 ▶ 중량물 인양 시 외줄달기 지양 및 중량물취급 안전작업방법(두줄걸이) 준수
A316: 1 | B316: 1. 토공사 | C316: 1.3 기초파일 작업 | D316: 1.3.1 기초파일 자재, 장비반입, 운반, 보관 | E316: YES | F316: 건설기계 | G316: 천공기/항타기 | H316: 해당없음 | I316: 해당없음 | J316: 해당없음 | K316: 2018년 9월경 | L316: 43344 | M316: 9 | N316: - | O316: 깔림 뒤집힘 | P316: 2018년 9월경 OO(주) OO공장 신축공사 현장에서 보조파일 2~3m 옆에서 항타기 신호업무를 하던 재해자는 항타기 기사가 지반에 기근입된 PHC파일 위에 보조파일(보조항)을 올려 항타작업을 한 후 보조파일을 항타기로 인양하여 바닥에 내려놓던 중 보조파일에 체결한 섬유밸트가 파단되어 넘어지면서 깔려 사망 | Q316: 항타작업 후 보조파일을 항타기로 인양 시 체결한 섬유벨트가 파단되어 넘어져 깔림 | R316: ▶ 줄걸이 자재는 작업중 수시로 상태를 점검하며 예비를 두어 손상 발생 시 즉시 교체함 ▶ 중량물 취급 시 작업계획서를 사전에 작성하고 관리감독자를 배치하여 작업계획서에 맞게 작업
A317: 1 | B317: 1. 토공사 | C317: 1.3 기초파일 작업 | D317: 1.3.1 기초파일 자재, 장비반입, 운반, 보관 | E317: YES | F317: 건설기계 | G317: 천공기/항타기 | H317: 해당없음 | I317: 해당없음 | J317: 해당없음 | K317: 2019년 6월경 | L317: 43617 | M317: 6 | N317: 혹서기 | O317: 맞음 | P317: 2019년 6월경 OO(주)에서 OO호텔 신축공사 현장에서 기 반입된 항타기 리더를 야적장으로 반출하기 위한 작업 중 항타기 리더(Leader)의 승강용 트랩에 카고크레인(5t)의 보조훅을 걸고 운반하던 중 승강용트랩의 용접부위가 파단되면서 리더가 떨어져(H ≒ 3m) 재해자(항타보조공)의 가슴부위를 타격하여 사망 | Q317: 항타기 반출을 위해 항타기 리더의 승강용 트랩에 카고크레인의 보조훅을 걸고 운반하던 중 승강용트랩의 용접부위가 파단되면서 리더가 떨어져 맞음 | R317: ▶ 크레인 작업 시 승강용 트랩 등 취약한 지점에 훅을 걸지 않도록 작업 방법 개선 ▶ 크레인 작업 시 근로자의 출입 통제 및 인양중인 화물이 근로자의 머리 위를 통과하지 않게 작업 수행 ▶ 항타기 운반 작업 시 사용메뉴얼 준수
A318: 1 | B318: 1. 토공사 | C318: 1.3 기초파일 작업 | D318: 1.3.1 기초파일 자재, 장비반입, 운반, 보관 | E318: YES | F318: 건설기계 | G318: 굴착기 | H318: 12대 기인물 | I318: 5 | J318: 0.049 | K318: 2019년 10월 | L318: 43739 | M318: 10 | N318: - | O318: 맞음 | P318: 2019년 10월경 ㈜OO 재건축아파트 신축공사 현장에서 굴착기를 이용하여 천공기 전도방지용 철판을 운반 및 내려놓던 중, CIP공사를 위하여 이동 중이던 천공기와 굴착기가 충돌하여 훅 해지장치가 없는 인양 훅에 걸려있던 철판이 훅으로부터 이탈되어 재해자(보통인부)가 협착되어 사망 | Q318: 기초 파일 자재를 굴삭기를 이용하여 이동시키던 중 와이어로프가 훅으로부터 이탈되면서 철판에 맞음 | R318: ▶ 차량계 건설기계 작업시 근로자 출입 통제 및 유도자 배치 ▶ 중량물 취급시 작업계획서를 사전에 작성하고 관리감독자를 배치하여 작업계획서에 맞게 작업 ▶ 중량물 인양 시 외줄달기 지양 및 중량물취급 안전작업방법(두줄걸이) 준수
A319: 1 | B319: 1. 토공사 | C319: 1.3 기초파일 작업 | D319: 1.3.1 기초파일 자재, 장비반입, 운반, 보관 | E319: YES | F319: 건설기계 | G319: 이동식크레인 | H319: 12대 기인물 | I319: 12 | J319: 0.023 | K319: 2019년 10월 | L319: 43739 | M319: 10 | N319: - | O319: 깔림 뒤집힘 | P319: 2019년 10월경 ㈜OO에서 시공하는 파일공사 현장에서, 재해자(용접공)가 이동식크레인 운반 및 조립작업을 하던 중 붐이 전도되면서 협착되어 사망 | Q319: 이동식크레인 조립작업 중 활차뭉치 및 후크블록 중량 등으로 붐이 무게중심을 잃고 전도되며 협착 발생 | R319: ▶ 이동식크레인 붐대 조립 및 해체작업 시 장비 사용메뉴얼 준수 ▶ 중량물 취급작업 시 전도 및 협착 등의 위험을 방지하기 위한 안전블록 및 지지대 설치 등 안전 조치 실시 ▶ 작업지휘자 배치 및 크레인 붐 조립작업 경험이 있는 숙련공이 작업 진행
A320: 1 | B320: 1. 토공사 | C320: 1.3 기초파일 작업 | D320: 1.3.1 기초파일 자재, 장비반입, 운반, 보관 | E320: YES | F320: 건설기계 | G320: 이동식크레인 | H320: 12대 기인물 | I320: 12 | J320: 0.023 | K320: 2020 8월경 | L320: 44044 | M320: 8 | N320: 혹서기 | O320: 맞음 | P320: 2020 8월경 ㈜OO에서 시공하는 공사 현장에서 PHC파일 운반 및 이동식크레인 이동 중 붐이 넘어져 근로자인 재해자(용접공)가 붐에 맞아 사망 | Q320: 이동식크레인을 사용하여 PHC 파일을 운반 중 지반이 침하하면서 이동식크레인 붐이 넘어져 맞음 | R320: ▶ 차량계 건설기계 작업시 근로자 출입 통제 및 유도자 배치 ▶ 중량물 취급시 작업계획서를 사전에 작성하고 관리감독자를 배치하여 작업계획서에 맞게 작업 ▶ 중량물 인양 시 외줄달기 지양 및 중량물취급 안전작업방법(두줄걸이) 준수
...

Sheet Dashboard 입력
A1: JSA 위험성평가 양식
A2: 관리번호 | B2: RA-2025-0315 | I2: 이 프로그램을 웹으로 배포 하는건 어때? PDF 출력하면 훨 편해, 그리고 근로자에게 주지할 사항도 자동으로 주는거지
A3: 작업 명 | B3: 전기설비 점검 및 정비작업
A4: 작업내용 | B4: 전기실 내 배전반 교체 및 케이블 정비, 접지 점검 | AL4: 고위험공정 자동 지정
I5: 자동 체크 | O5: 자동반영 | AB5: 위험성평가 데이터 입력 | AL5: 📊 위험성평가 데이터 분석 대시보드 (자동 연동)
A6: 고위험 기인물 해당여부 체크 | H6: 작업분류 | M6: 이부분도 연동하자 | O6: ① 작업개요 입력 (저장 후 Table 1에 연동) | U6: 공정 내용 | X6: 기인물 적용 공정 및 작업내용 입력 | AB6: ② 위험성평가 데이터 입력 (저장 후 Table 2에 연동) - 행 추가로 공정 확장 | AL6: ① 공정별 위험성 분석 (자동 연동 · 최대 50공정) | AT6: ② 위험성 등급 분포 (자동 연동)
A7: No. | B7: 기인물 | C7: 사망건수 | D7: 체크 | E7: 중장비여부 | F7: 고소, 감전 | H7: 순 | I7: 구분 | J7: 결과 | K7: 수동 | L7: 자동 | M7: 비고 | O7: 항목 | P7: 입력란 | Q7: 항목 | R7: 출력부 | S7: 직접입력 | U7: 관리번호 | V7: 작업단계 (공정) | W7: 작업내용 | X7: 기인물 | Z7: SIF 지정 기인물 목록 | AB7: 공정번호 | AC7: 작업(공정)단계 | AD7: 유해위험요인 | AE7: 안전조치사항 | AF7: 가능성(전) | AG7: 중대성(전) | AH7: 위험도(전) | AI7: 가능성 (빈도) | AJ7: 중대성 (강도) | AK7: 위험성 | AL7: 작업공정 | AM7: 위험요인 수 | AN7: 고위험 건수 (위험도≥9) | AO7: 평균위험도 (개선전) | AP7: 평균위험도 (개선후) | AQ7: 위험도 감소율 | AR7: 위험성 분류 | AT7: 위험성 등급 | AU7: 기준 (위험도) | AV7: 개선전 건수 | AW7: 개선후 건수 | AX7: 변화
A8: 1 | B8: 지붕(처마,홈통) | C8: 129 | D8: 해당 | F8: 고소 | H8: 1 | I8: 일반작업 | J8: =IF(OR(K8="해당",L8="해당"),"해당","미해당") -> 해당 | K8: 해당 | O8: 통제번호 (=관리번호) | P8: =B2 -> RA-2025-0315 | Q8: 회사(부서)명 | R8: =S8 -> 한국에너지 전기부 | S8: 한국에너지 전기부 | U8: 1 | V8: 전원차단 | Z8: {=_xlfn._xlws.FILTER(B8:B65,D8:D65="해당","")} -> 지붕(처마,홈통) | AB8: 1-1 | AC8: 전원차단 | AD8: 차단기 오조작으로 감전 | AE8: LOTO 절차 준수, 검전기 확인 | AF8: 2 | AG8: 5 | AH8: =IF(AND(AF8<>"",AG8<>""),AF8*AG8,"") -> 10 | AI8: 2 | AJ8: 1 | AK8: =IF(AND(AI8<>"",AJ8<>""),AI8*AJ8,"") -> 2 | AL8: {=IFERROR(INDEX(_xlfn._xlws.SORT(_xlfn.UNIQUE(_xlfn._xlws.FILTER(AC$8:AC$307,AC$8:AC$307<>""))),1),"")} -> ㄱㄱㄱ | AM8: =IF(AL8="","",COUNTIF(AC$8:AC$307,AL8)) -> 1 | AN8: =IF(AL8="","",COUNTIFS(AC$8:AC$307,AL8,AH$8:AH$307,">="&9)) -> 0 | AO8: =IF(AL8="","",IFERROR(ROUND(AVERAGEIFS(AH$8:AH$307,AC$8:AC$307,AL8,AH$8:AH$307,"<>"),1),"-")) -> 4 | AP8: =IF(AL8="","",IFERROR(ROUND(AVERAGEIFS(AK$8:AK$307,AC$8:AC$307,AL8,AK$8:AK$307,"<>"),1),"-")) -> - | AQ8: =IF(OR(AL8="",AO8="-",AP8="-"),"",IF(AO8=0,0,(AO8-AP8)/AO8)) | AR8: =IF(AL8="","",IF(AO8="-","미입력",IF(AP8="-",IF(AO8>=9,"고위험⚠",IF(AO8>=6,"중위험⚠","저위험⚠")),IF(AO8>=9,"고위험",IF(AO8>=6,"중위험","저위험"))))) -> 저위험⚠ | AT8: 매우위험(VH) | AU8: ≥13 | AV8: =COUNTIF(AH$8:AH$307,">="&13) -> 6 | AW8: =COUNTIF(AK$8:AK$307,">="&13) -> 0 | AX8: =AW8-AV8 -> -6
A9: 2 | B9: 비계 | C9: 129 | D9: 미해당 | F9: 고소 | H9: 2 | I9: 화기작업 | J9: =IF(OR(K9="해당",L9="해당"),"해당","미해당") -> 미해당 | M9: 화기감시자 배치 필 | O9: 작업 명 | P9: =B3 -> 전기설비 점검 및 정비작업 | Q9: 작성일자 | R9: =S9 -> 2025.03.14 | S9: 2025.03.14 | U9: 2 | V9: 배전반 해체 | Z9: 사다리 | AB9: 1-2 | AC9: 전원차단 | AD9: 아크플래시 발생 | AE9: 절연장갑 착용, 안면보호구 | AF9: 2 | AG9: 4 | AH9: =IF(AND(AF9<>"",AG9<>""),AF9*AG9,"") -> 8 | AI9: 1 | AJ9: 3 | AK9: =IF(AND(AI9<>"",AJ9<>""),AI9*AJ9,"") -> 3 | AL9: {=IFERROR(INDEX(_xlfn._xlws.SORT(_xlfn.UNIQUE(_xlfn._xlws.FILTER(AC$8:AC$307,AC$8:AC$307<>""))),2),"")} -> ㄴㅇ | AM9: =IF(AL9="","",COUNTIF(AC$8:AC$307,AL9)) -> 3 | AN9: =IF(AL9="","",COUNTIFS(AC$8:AC$307,AL9,AH$8:AH$307,">="&9)) -> 2 | AO9: =IF(AL9="","",IFERROR(ROUND(AVERAGEIFS(AH$8:AH$307,AC$8:AC$307,AL9,AH$8:AH$307,"<>"),1),"-")) -> 7.3 | AP9: =IF(AL9="","",IFERROR(ROUND(AVERAGEIFS(AK$8:AK$307,AC$8:AC$307,AL9,AK$8:AK$307,"<>"),1),"-")) -> - | AQ9: =IF(OR(AL9="",AO9="-",AP9="-"),"",IF(AO9=0,0,(AO9-AP9)/AO9)) | AR9: =IF(AL9="","",IF(AO9="-","미입력",IF(AP9="-",IF(AO9>=9,"고위험⚠",IF(AO9>=6,"중위험⚠","저위험⚠")),IF(AO9>=9,"고위험",IF(AO9>=6,"중위험","저위험"))))) -> 중위험⚠ | AT9: 고위험(H) | AU9: 9~12 | AV9: =COUNTIFS(AH$8:AH$307,">="&9,AH$8:AH$307,"<"&13) -> 19 | AW9: =COUNTIFS(AK$8:AK$307,">="&9,AK$8:AK$307,"<"&13) -> 0 | AX9: =AW9-AV9 -> -19
A10: 3 | B10: 철골(철골구조물) | C10: 118 | D10: 미해당 | F10: 고소 | H10: 3 | I10: 밀폐작업 | J10: =IF(OR(K10="해당",L10="해당"),"해당","미해당") -> 미해당 | M10: 산소농도측정 필 | O10: 작업내용 | P10: =B4 -> 전기실 내 배전반 교체 및 케이블 정비, 접지 점검 | Q10: 작성자 | R10: =S10 -> 김안전, 이이경 | S10: 김안전, 이이경 | U10: 3 | V10: 케이블 정비 | Z10: 굴착기 | AB10: 1-3 | AC10: 전원차단 | AD10: 잔류전압에 의한 감전 | AE10: 콘덴서 방전 후 작업 시작 | AF10: 3 | AG10: 5 | AH10: =IF(AND(AF10<>"",AG10<>""),AF10*AG10,"") -> 15 | AI10: 2 | AJ10: 1 | AK10: =IF(AND(AI10<>"",AJ10<>""),AI10*AJ10,"") -> 2 | AL10: {=IFERROR(INDEX(_xlfn._xlws.SORT(_xlfn.UNIQUE(_xlfn._xlws.FILTER(AC$8:AC$307,AC$8:AC$307<>""))),3),"")} -> ㄹㄹㅇ | AM10: =IF(AL10="","",COUNTIF(AC$8:AC$307,AL10)) -> 1 | AN10: =IF(AL10="","",COUNTIFS(AC$8:AC$307,AL10,AH$8:AH$307,">="&9)) -> 0 | AO10: =IF(AL10="","",IFERROR(ROUND(AVERAGEIFS(AH$8:AH$307,AC$8:AC$307,AL10,AH$8:AH$307,"<>"),1),"-")) -> 4 | AP10: =IF(AL10="","",IFERROR(ROUND(AVERAGEIFS(AK$8:AK$307,AC$8:AC$307,AL10,AK$8:AK$307,"<>"),1),"-")) -> - | AQ10: =IF(OR(AL10="",AO10="-",AP10="-"),"",IF(AO10=0,0,(AO10-AP10)/AO10)) | AR10: =IF(AL10="","",IF(AO10="-","미입력",IF(AP10="-",IF(AO10>=9,"고위험⚠",IF(AO10>=6,"중위험⚠","저위험⚠")),IF(AO10>=9,"고위험",IF(AO10>=6,"중위험","저위험"))))) -> 저위험⚠ | AT10: 중위험(M) | AU10: 4~8 | AV10: =COUNTIFS(AH$8:AH$307,">="&4,AH$8:AH$307,"<"&9) -> 21 | AW10: =COUNTIFS(AK$8:AK$307,">="&4,AK$8:AK$307,"<"&9) -> 0 | AX10: =AW10-AV10 -> -21
A11: 4 | B11: 사다리 | C11: 116 | D11: 해당 | F11: 고소 | H11: 4 | I11: 고소작업 | J11: =IF(OR(K11="해당",L11="해당"),"해당","미해당") -> 해당 | L11: {=IF(SUMPRODUCT(($F$8:$F$65="고소")*($D$8:$D$65="해당"))>=1,"해당","미해당")} -> 해당 | O11: 작업기간(시간) | P11: 2025.03.15 09:00 ~ 18:00 | Q11: 평가 참여자 | R11: =IF(COUNTA(J21:J50)<=5, _xlfn.TEXTJOIN(", ",TRUE,J21:J50), _xlfn.TEXTJOIN(", ",TRUE,J21:J25)&" 등 총 "&COUNTA(J21:J50)&"명") -> 김가나1, 김가나2, 김가나3, 김가나4, 김가나5 등 총 23명 | U11: 4 | V11: 접지 점검 | Z11: 개구부(바닥개구부) | AB11: 2-1 | AC11: 배전반 해체 | AD11: 볼트 풀림 시 날카로운 모서리에 절상 | AE11: 절연장갑 및 안전장갑 착용 | AF11: 3 | AG11: 2 | AH11: =IF(AND(AF11<>"",AG11<>""),AF11*AG11,"") -> 6 | AI11: 1 | AJ11: 3 | AK11: =IF(AND(AI11<>"",AJ11<>""),AI11*AJ11,"") -> 3 | AL11: {=IFERROR(INDEX(_xlfn._xlws.SORT(_xlfn.UNIQUE(_xlfn._xlws.FILTER(AC$8:AC$307,AC$8:AC$307<>""))),4),"")} -> ㅁㅁ | AM11: =IF(AL11="","",COUNTIF(AC$8:AC$307,AL11)) -> 1 | AN11: =IF(AL11="","",COUNTIFS(AC$8:AC$307,AL11,AH$8:AH$307,">="&9)) -> 1 | AO11: =IF(AL11="","",IFERROR(ROUND(AVERAGEIFS(AH$8:AH$307,AC$8:AC$307,AL11,AH$8:AH$307,"<>"),1),"-")) -> 9 | AP11: =IF(AL11="","",IFERROR(ROUND(AVERAGEIFS(AK$8:AK$307,AC$8:AC$307,AL11,AK$8:AK$307,"<>"),1),"-")) -> - | AQ11: =IF(OR(AL11="",AO11="-",AP11="-"),"",IF(AO11=0,0,(AO11-AP11)/AO11)) | AR11: =IF(AL11="","",IF(AO11="-","미입력",IF(AP11="-",IF(AO11>=9,"고위험⚠",IF(AO11>=6,"중위험⚠","저위험⚠")),IF(AO11>=9,"고위험",IF(AO11>=6,"중위험","저위험"))))) -> 고위험⚠ | AT11: 저위험(L) | AU11: 1~3 | AV11: =COUNTIFS(AH$8:AH$307,">="&1,AH$8:AH$307,"<"&4) -> 0 | AW11: =COUNTIFS(AK$8:AK$307,">="&1,AK$8:AK$307,"<"&4) -> 40 | AX11: =AW11-AV11 -> 40
A12: 5 | B12: 고소작업대 | C12: 114 | D12: 미해당 | E12: 중장비 | F12: 고소 | H12: 5 | I12: 정전작업 | J12: =IF(OR(K12="해당",L12="해당"),"해당","미해당") -> 미해당 | K12: 미해당 | L12: {=IF(SUMPRODUCT(($F$8:$F$65="감전")*($D$8:$D$65="해당"))>=1,"해당","미해당")} -> 미해당 | O12: 작업장소 | P12: A동 전기실, B동 전기실 | Q12: 필요한 보호구 | R12: =S12 -> 절연장갑, 절연장화, 안전모, 보안경 | S12: 절연장갑, 절연장화, 안전모, 보안경 | U12: 5 | V12: 새 배전반 설치 | Z12: 기계설비 | AB12: 2-2 | AC12: 배전반 해체 | AD12: 배전반 넘어짐으로 충돌 | AE12: 작업반경 정리정돈, 바닥 전선 정리 | AF12: 2 | AG12: 3 | AH12: =IF(AND(AF12<>"",AG12<>""),AF12*AG12,"") -> 6 | AI12: 2 | AJ12: 1 | AK12: =IF(AND(AI12<>"",AJ12<>""),AI12*AJ12,"") -> 2 | AL12: {=IFERROR(INDEX(_xlfn._xlws.SORT(_xlfn.UNIQUE(_xlfn._xlws.FILTER(AC$8:AC$307,AC$8:AC$307<>""))),5),"")} -> 배전반 해체 | AM12: =IF(AL12="","",COUNTIF(AC$8:AC$307,AL12)) -> 6 | AN12: =IF(AL12="","",COUNTIFS(AC$8:AC$307,AL12,AH$8:AH$307,">="&9)) -> 0 | AO12: =IF(AL12="","",IFERROR(ROUND(AVERAGEIFS(AH$8:AH$307,AC$8:AC$307,AL12,AH$8:AH$307,"<>"),1),"-")) -> 6 | AP12: =IF(AL12="","",IFERROR(ROUND(AVERAGEIFS(AK$8:AK$307,AC$8:AC$307,AL12,AK$8:AK$307,"<>"),1),"-")) -> 2.7 | AQ12: =IF(OR(AL12="",AO12="-",AP12="-"),"",IF(AO12=0,0,(AO12-AP12)/AO12)) -> 0.55 | AR12: =IF(AL12="","",IF(AO12="-","미입력",IF(AP12="-",IF(AO12>=9,"고위험⚠",IF(AO12>=6,"중위험⚠","저위험⚠")),IF(AO12>=9,"고위험",IF(AO12>=6,"중위험","저위험"))))) -> 중위험 | AT12: 합계 | AV12: =SUM(AV8:AV11) -> 46 | AW12: =SUM(AW8:AW11) -> 40 | AX12: =SUM(AX8:AX11) -> -6
A13: 6 | B13: 굴착기 | C13: 104 | D13: 해당 | E13: 굴착 | H13: 6 | I13: 굴착작업 | J13: =IF(OR(K13="해당",L13="해당"),"해당","미해당") -> 해당 | K13: 미해당 | L13: {=IF(SUMPRODUCT(($E$8:$E$65="굴착")*($D$8:$D$65="해당"))>=1,"해당","미해당")} -> 해당 | M13: 중장비 작업계획서, 신호수 필 | O13: 작업분류 | P13: {=_xlfn.TEXTJOIN(" ", TRUE, IF(J8:J17="해당", "■ "&I8:I17, ""))} -> ■ 일반작업 ■ 고소작업 ■ 굴착작업 ■ 중장비작업 | Q13: 투입 중장비 | R13: {=_xlfn.TEXTJOIN(", ",TRUE,IF((D8:D65="해당")*(E8:E65="중장비"),B8:B65,""))&IF(S13<>"",", "&S13,"")} -> 이동식크레인, 기타건설장비, 천공기/항타기, 리프트, 지게차 | U13: 6 | V13: 케이블 결선 | Z13: 이동식비계 | AB13: 2-3 | AC13: 배전반 해체 | AD13: 부품 낙하로 인한 부상 | AE13: 헬멧 착용, 낙하방지망 설치 | AF13: 2 | AG13: 3 | AH13: =IF(AND(AF13<>"",AG13<>""),AF13*AG13,"") -> 6 | AI13: 1 | AJ13: 3 | AK13: =IF(AND(AI13<>"",AJ13<>""),AI13*AJ13,"") -> 3 | AL13: {=IFERROR(INDEX(_xlfn._xlws.SORT(_xlfn.UNIQUE(_xlfn._xlws.FILTER(AC$8:AC$307,AC$8:AC$307<>""))),6),"")} -> 새 배전반 설치 | AM13: =IF(AL13="","",COUNTIF(AC$8:AC$307,AL13)) -> 6 | AN13: =IF(AL13="","",COUNTIFS(AC$8:AC$307,AL13,AH$8:AH$307,">="&9)) -> 2 | AO13: =IF(AL13="","",IFERROR(ROUND(AVERAGEIFS(AH$8:AH$307,AC$8:AC$307,AL13,AH$8:AH$307,"<>"),1),"-")) -> 7 | AP13: =IF(AL13="","",IFERROR(ROUND(AVERAGEIFS(AK$8:AK$307,AC$8:AC$307,AL13,AK$8:AK$307,"<>"),1),"-")) -> 2.3 | AQ13: =IF(OR(AL13="",AO13="-",AP13="-"),"",IF(AO13=0,0,(AO13-AP13)/AO13)) -> 0.67142857 | AR13: =IF(AL13="","",IF(AO13="-","미입력",IF(AP13="-",IF(AO13>=9,"고위험⚠",IF(AO13>=6,"중위험⚠","저위험⚠")),IF(AO13>=9,"고위험",IF(AO13>=6,"중위험","저위험"))))) -> 중위험
A14: 7 | B14: 슬라브단부 | C14: 92 | D14: 미해당 | F14: 고소 | H14: 7 | I14: 중장비작업 | J14: =IF(OR(K14="해당",L14="해당"),"해당","미해당") -> 해당 | L14: {=IF(SUMPRODUCT(($E$8:$E$65="중장비")*($D$8:$D$65="해당"))>=1,"해당","미해당")} -> 해당 | M14: 중장비작업계획서, 신호수 교육 | O14: 중점관리사항 | P14: 감전위험, 아크플래시, 케이블 노후 | Q14: 필요한 공기구 | R14: =S14 -> 스카이 등 | S14: 스카이 등 | U14: 7 | V14: 시운전 및 점검 | Z14: 토사 | AB14: 3-1 | AC14: 케이블 정비 | AD14: 피복손상으로 감전 | AE14: 절연저항 측정 후 작업 | AF14: 3 | AG14: 4 | AH14: =IF(AND(AF14<>"",AG14<>""),AF14*AG14,"") -> 12 | AI14: 2 | AJ14: 1 | AK14: =IF(AND(AI14<>"",AJ14<>""),AI14*AJ14,"") -> 2 | AL14: {=IFERROR(INDEX(_xlfn._xlws.SORT(_xlfn.UNIQUE(_xlfn._xlws.FILTER(AC$8:AC$307,AC$8:AC$307<>""))),7),"")} -> 시운전 및 점검 | AM14: =IF(AL14="","",COUNTIF(AC$8:AC$307,AL14)) -> 4 | AN14: =IF(AL14="","",COUNTIFS(AC$8:AC$307,AL14,AH$8:AH$307,">="&9)) -> 4 | AO14: =IF(AL14="","",IFERROR(ROUND(AVERAGEIFS(AH$8:AH$307,AC$8:AC$307,AL14,AH$8:AH$307,"<>"),1),"-")) -> 12.5 | AP14: =IF(AL14="","",IFERROR(ROUND(AVERAGEIFS(AK$8:AK$307,AC$8:AC$307,AL14,AK$8:AK$307,"<>"),1),"-")) -> 2 | AQ14: =IF(OR(AL14="",AO14="-",AP14="-"),"",IF(AO14=0,0,(AO14-AP14)/AO14)) -> 0.84 | AR14: =IF(AL14="","",IF(AO14="-","미입력",IF(AP14="-",IF(AO14>=9,"고위험⚠",IF(AO14>=6,"중위험⚠","저위험⚠")),IF(AO14>=9,"고위험",IF(AO14>=6,"중위험","저위험"))))) -> 고위험
A15: 8 | B15: 지붕(채광판,선라이트) | C15: 90 | D15: 미해당 | F15: 고소 | H15: 8 | I15: 중량물작업 | J15: =IF(OR(K15="해당",L15="해당"),"해당","미해당") -> 미해당 | M15: 중량물작업계획서 | O15: 작업절차서 | Z15: 기타자재(내부마감재,시멘트,마대) | AB15: 3-2 | AC15: 케이블 정비 | AD15: 케이블 단선 처리 시 천공 | AE15: 단선 케이블 처리함 사용, 분리 보관 | AF15: 2 | AG15: 2 | AH15: =IF(AND(AF15<>"",AG15<>""),AF15*AG15,"") -> 4 | AI15: 1 | AJ15: 3 | AK15: =IF(AND(AI15<>"",AJ15<>""),AI15*AJ15,"") -> 3 | AL15: {=IFERROR(INDEX(_xlfn._xlws.SORT(_xlfn.UNIQUE(_xlfn._xlws.FILTER(AC$8:AC$307,AC$8:AC$307<>""))),8),"")} -> 전원차단 | AM15: =IF(AL15="","",COUNTIF(AC$8:AC$307,AL15)) -> 6 | AN15: =IF(AL15="","",COUNTIFS(AC$8:AC$307,AL15,AH$8:AH$307,">="&9)) -> 4 | AO15: =IF(AL15="","",IFERROR(ROUND(AVERAGEIFS(AH$8:AH$307,AC$8:AC$307,AL15,AH$8:AH$307,"<>"),1),"-")) -> 11 | AP15: =IF(AL15="","",IFERROR(ROUND(AVERAGEIFS(AK$8:AK$307,AC$8:AC$307,AL15,AK$8:AK$307,"<>"),1),"-")) -> 2.3 | AQ15: =IF(OR(AL15="",AO15="-",AP15="-"),"",IF(AO15=0,0,(AO15-AP15)/AO15)) -> 0.79090909 | AR15: =IF(AL15="","",IF(AO15="-","미입력",IF(AP15="-",IF(AO15>=9,"고위험⚠",IF(AO15>=6,"중위험⚠","저위험⚠")),IF(AO15>=9,"고위험",IF(AO15>=6,"중위험","저위험"))))) -> 고위험
A16: 9 | B16: 작업발판/가설계단 | C16: 85 | D16: 미해당 | F16: 고소 | H16: 9 | I16: 방사선작업 | J16: =IF(OR(K16="해당",L16="해당"),"해당","미해당") -> 미해당 | O16: ✔ 저장 후 이 보호구명등을 일괄 DB에 기록한다 | Z16: 이동식크레인 | AB16: 3-3 | AC16: 케이블 정비 | AD16: 케이블 트레이 날카로운 부분에 절상 | AE16: 안전장갑 착용, 날카로운 부분 테이핑 | AF16: 3 | AG16: 2 | AH16: =IF(AND(AF16<>"",AG16<>""),AF16*AG16,"") -> 6 | AI16: 2 | AJ16: 1 | AK16: =IF(AND(AI16<>"",AJ16<>""),AI16*AJ16,"") -> 2 | AL16: {=IFERROR(INDEX(_xlfn._xlws.SORT(_xlfn.UNIQUE(_xlfn._xlws.FILTER(AC$8:AC$307,AC$8:AC$307<>""))),9),"")} -> 접지 점검 | AM16: =IF(AL16="","",COUNTIF(AC$8:AC$307,AL16)) -> 6 | AN16: =IF(AL16="","",COUNTIFS(AC$8:AC$307,AL16,AH$8:AH$307,">="&9)) -> 4 | AO16: =IF(AL16="","",IFERROR(ROUND(AVERAGEIFS(AH$8:AH$307,AC$8:AC$307,AL16,AH$8:AH$307,"<>"),1),"-")) -> 10.3 | AP16: =IF(AL16="","",IFERROR(ROUND(AVERAGEIFS(AK$8:AK$307,AC$8:AC$307,AL16,AK$8:AK$307,"<>"),1),"-")) -> 2.7 | AQ16: =IF(OR(AL16="",AO16="-",AP16="-"),"",IF(AO16=0,0,(AO16-AP16)/AO16)) -> 0.73786408 | AR16: =IF(AL16="","",IF(AO16="-","미입력",IF(AP16="-",IF(AO16>=9,"고위험⚠",IF(AO16>=6,"중위험⚠","저위험⚠")),IF(AO16>=9,"고위험",IF(AO16>=6,"중위험","저위험"))))) -> 고위험
A17: 10 | B17: 개구부(바닥개구부) | C17: 80 | D17: 해당 | F17: 고소 | H17: 10 | I17: 잠수작업 | J17: =IF(OR(K17="해당",L17="해당"),"해당","미해당") -> 미해당 | Z17: 철골(철골자재) | AB17: 4-1 | AC17: 접지 점검 | AD17: 접지저항 미확보로 감전 위험 | AE17: 접지측정기로 저항값 확인 후 작업 | AF17: 3 | AG17: 5 | AH17: =IF(AND(AF17<>"",AG17<>""),AF17*AG17,"") -> 15 | AI17: 1 | AJ17: 3 | AK17: =IF(AND(AI17<>"",AJ17<>""),AI17*AJ17,"") -> 3 | AL17: {=IFERROR(INDEX(_xlfn._xlws.SORT(_xlfn.UNIQUE(_xlfn._xlws.FILTER(AC$8:AC$307,AC$8:AC$307<>""))),10),"")} -> 케이블 결선 | AM17: =IF(AL17="","",COUNTIF(AC$8:AC$307,AL17)) -> 6 | AN17: =IF(AL17="","",COUNTIFS(AC$8:AC$307,AL17,AH$8:AH$307,">="&9)) -> 6 | AO17: =IF(AL17="","",IFERROR(ROUND(AVERAGEIFS(AH$8:AH$307,AC$8:AC$307,AL17,AH$8:AH$307,"<>"),1),"-")) -> 10.7 | AP17: =IF(AL17="","",IFERROR(ROUND(AVERAGEIFS(AK$8:AK$307,AC$8:AC$307,AL17,AK$8:AK$307,"<>"),1),"-")) -> 2.7 | AQ17: =IF(OR(AL17="",AO17="-",AP17="-"),"",IF(AO17=0,0,(AO17-AP17)/AO17)) -> 0.74766355 | AR17: =IF(AL17="","",IF(AO17="-","미입력",IF(AP17="-",IF(AO17>=9,"고위험⚠",IF(AO17>=6,"중위험⚠","저위험⚠")),IF(AO17>=9,"고위험",IF(AO17>=6,"중위험","저위험"))))) -> 고위험
A18: 11 | B18: 거푸집 | C18: 80 | D18: 미해당 | Z18: 벽체 | AB18: 4-2 | AC18: 접지 점검 | AD18: 접지선 풀림으로 감전 | AE18: 접지선 체결 상태 사전 확인 | AF18: 2 | AG18: 5 | AH18: =IF(AND(AF18<>"",AG18<>""),AF18*AG18,"") -> 10 | AI18: 2 | AJ18: 1 | AK18: =IF(AND(AI18<>"",AJ18<>""),AI18*AJ18,"") -> 2 | AL18: {=IFERROR(INDEX(_xlfn._xlws.SORT(_xlfn.UNIQUE(_xlfn._xlws.FILTER(AC$8:AC$307,AC$8:AC$307<>""))),11),"")} -> 케이블 정비 | AM18: =IF(AL18="","",COUNTIF(AC$8:AC$307,AL18)) -> 6 | AN18: =IF(AL18="","",COUNTIFS(AC$8:AC$307,AL18,AH$8:AH$307,">="&9)) -> 2 | AO18: =IF(AL18="","",IFERROR(ROUND(AVERAGEIFS(AH$8:AH$307,AC$8:AC$307,AL18,AH$8:AH$307,"<>"),1),"-")) -> 7.3 | AP18: =IF(AL18="","",IFERROR(ROUND(AVERAGEIFS(AK$8:AK$307,AC$8:AC$307,AL18,AK$8:AK$307,"<>"),1),"-")) -> 2.3 | AQ18: =IF(OR(AL18="",AO18="-",AP18="-"),"",IF(AO18=0,0,(AO18-AP18)/AO18)) -> 0.68493151 | AR18: =IF(AL18="","",IF(AO18="-","미입력",IF(AP18="-",IF(AO18>=9,"고위험⚠",IF(AO18>=6,"중위험⚠","저위험⚠")),IF(AO18>=9,"고위험",IF(AO18>=6,"중위험","저위험"))))) -> 중위험
A19: 12 | B19: 기계설비 | C19: 80 | D19: 해당 | H19: 위험성평가 참여자 명단 | Z19: 기타건설장비 | AB19: 4-3 | AC19: 접지 점검 | AD19: 측정기 리드선 접촉 불량 | AE19: 측정기 교정 확인, 리드선 상태 점검 | AF19: 2 | AG19: 3 | AH19: =IF(AND(AF19<>"",AG19<>""),AF19*AG19,"") -> 6 | AI19: 1 | AJ19: 3 | AK19: =IF(AND(AI19<>"",AJ19<>""),AI19*AJ19,"") -> 3 | AL19: {=IFERROR(INDEX(_xlfn._xlws.SORT(_xlfn.UNIQUE(_xlfn._xlws.FILTER(AC$8:AC$307,AC$8:AC$307<>""))),12),"")} | AM19: =IF(AL19="","",COUNTIF(AC$8:AC$307,AL19)) | AN19: =IF(AL19="","",COUNTIFS(AC$8:AC$307,AL19,AH$8:AH$307,">="&9)) | AO19: =IF(AL19="","",IFERROR(ROUND(AVERAGEIFS(AH$8:AH$307,AC$8:AC$307,AL19,AH$8:AH$307,"<>"),1),"-")) | AP19: =IF(AL19="","",IFERROR(ROUND(AVERAGEIFS(AK$8:AK$307,AC$8:AC$307,AL19,AK$8:AK$307,"<>"),1),"-")) | AQ19: =IF(OR(AL19="",AO19="-",AP19="-"),"",IF(AO19=0,0,(AO19-AP19)/AO19)) | AR19: =IF(AL19="","",IF(AO19="-","미입력",IF(AP19="-",IF(AO19>=9,"고위험⚠",IF(AO19>=6,"중위험⚠","저위험⚠")),IF(AO19>=9,"고위험",IF(AO19>=6,"중위험","저위험")))))
A20: 13 | B20: 트럭 | C20: 76 | D20: 미해당 | E20: 중장비 | H20: 순번 | I20: 소 속 | J20: 성 명 | O20: 대시보드 입력시트의 동작 내용을 프롬프트로 만들어줘! 위험성평가 입력 셀이 있고, 기인물은 (a7 테이블) 드롭박스로 선택을 하면 작업문류 테이블에서 10개의 구분작업중에 결과가 해당으로 표기가 되고(H7 테이블) H20에서 참여자 명단을 입력하고, 그리고 O7테이블에 노란셀부분 입력하고, 회색셀은 앞에서 선택, 입력에 따라 자동반영되고, 추가로 입력해야되는 부분은 노랑셀에 입력함 그리고 U7테이블에서는 단계와 공정을 입력하고 노란란셀에..SIF 기인물 테이블에서 선택을 하면 Z7에 나타나고 U7 테이블 기인물 열에 셀에서 선택을 하던가 입력을 직접 할수도 있고, AB7 테이블에서는 행방향으로 DB 타입으로 입력해 나갈수 있고 V7열에 정보를 입력한게 AC7열에서는 드롭다운으로 선택하게하고, 유해위험요인, 안전조치사항, 가능성 중대성 위험도는 각각 직접 입력하게 하고AL7 테이블에서는 자동으로 고위험 중위험 저위험등으로 고위험공정이 식별되게 하고, 차트로도 표시가 되는 것이 핵심 동작알고리즘인데, 이부분을 웹으로 만들수 있도록 너가 프롬프트를 만들어줘! 지금 시트를 기반으로 해서! | Z20: 계단 | AB20: 5-1 | AC20: 새 배전반 설치 | AD20: 무거운 배전반 운반 중 근골격계 질환 | AE20: 운반기구 사용, 2인 1조 작업 | AF20: 3 | AG20: 3 | AH20: =IF(AND(AF20<>"",AG20<>""),AF20*AG20,"") -> 9 | AI20: 2 | AJ20: 1 | AK20: =IF(AND(AI20<>"",AJ20<>""),AI20*AJ20,"") -> 2 | AL20: {=IFERROR(INDEX(_xlfn._xlws.SORT(_xlfn.UNIQUE(_xlfn._xlws.FILTER(AC$8:AC$307,AC$8:AC$307<>""))),13),"")} | AM20: =IF(AL20="","",COUNTIF(AC$8:AC$307,AL20)) | AN20: =IF(AL20="","",COUNTIFS(AC$8:AC$307,AL20,AH$8:AH$307,">="&9)) | AO20: =IF(AL20="","",IFERROR(ROUND(AVERAGEIFS(AH$8:AH$307,AC$8:AC$307,AL20,AH$8:AH$307,"<>"),1),"-")) | AP20: =IF(AL20="","",IFERROR(ROUND(AVERAGEIFS(AK$8:AK$307,AC$8:AC$307,AL20,AK$8:AK$307,"<>"),1),"-")) | AQ20: =IF(OR(AL20="",AO20="-",AP20="-"),"",IF(AO20=0,0,(AO20-AP20)/AO20)) | AR20: =IF(AL20="","",IF(AO20="-","미입력",IF(AP20="-",IF(AO20>=9,"고위험⚠",IF(AO20>=6,"중위험⚠","저위험⚠")),IF(AO20>=9,"고위험",IF(AO20>=6,"중위험","저위험")))))
A21: 14 | B21: 달비계 | C21: 70 | D21: 미해당 | F21: 고소 | H21: 1 | I21: 삼지전자 | J21: 김가나1 | Z21: 천공기/항타기 | AB21: 5-2 | AC21: 새 배전반 설치 | AD21: 설치 위치 조정 시 끼임 위험 | AE21: 안전간격 확보, 끼임방지 커버 설치 | AF21: 2 | AG21: 4 | AH21: =IF(AND(AF21<>"",AG21<>""),AF21*AG21,"") -> 8 | AI21: 1 | AJ21: 3 | AK21: =IF(AND(AI21<>"",AJ21<>""),AI21*AJ21,"") -> 3 | AL21: {=IFERROR(INDEX(_xlfn._xlws.SORT(_xlfn.UNIQUE(_xlfn._xlws.FILTER(AC$8:AC$307,AC$8:AC$307<>""))),14),"")} | AM21: =IF(AL21="","",COUNTIF(AC$8:AC$307,AL21)) | AN21: =IF(AL21="","",COUNTIFS(AC$8:AC$307,AL21,AH$8:AH$307,">="&9)) | AO21: =IF(AL21="","",IFERROR(ROUND(AVERAGEIFS(AH$8:AH$307,AC$8:AC$307,AL21,AH$8:AH$307,"<>"),1),"-")) | AP21: =IF(AL21="","",IFERROR(ROUND(AVERAGEIFS(AK$8:AK$307,AC$8:AC$307,AL21,AK$8:AK$307,"<>"),1),"-")) | AQ21: =IF(OR(AL21="",AO21="-",AP21="-"),"",IF(AO21=0,0,(AO21-AP21)/AO21)) | AR21: =IF(AL21="","",IF(AO21="-","미입력",IF(AP21="-",IF(AO21>=9,"고위험⚠",IF(AO21>=6,"중위험⚠","저위험⚠")),IF(AO21>=9,"고위험",IF(AO21>=6,"중위험","저위험")))))
A22: 15 | B22: 이동식비계 | C22: 70 | D22: 해당 | F22: 고소 | H22: 2 | I22: 삼지전자 | J22: 김가나2 | Z22: 리프트 | AB22: 5-3 | AC22: 새 배전반 설치 | AD22: 배전반 고정 볼트 체결 시 소음 | AE22: 귀마개 착용 | AF22: 4 | AG22: 1 | AH22: =IF(AND(AF22<>"",AG22<>""),AF22*AG22,"") -> 4 | AI22: 2 | AJ22: 1 | AK22: =IF(AND(AI22<>"",AJ22<>""),AI22*AJ22,"") -> 2 | AL22: {=IFERROR(INDEX(_xlfn._xlws.SORT(_xlfn.UNIQUE(_xlfn._xlws.FILTER(AC$8:AC$307,AC$8:AC$307<>""))),15),"")} | AM22: =IF(AL22="","",COUNTIF(AC$8:AC$307,AL22)) | AN22: =IF(AL22="","",COUNTIFS(AC$8:AC$307,AL22,AH$8:AH$307,">="&9)) | AO22: =IF(AL22="","",IFERROR(ROUND(AVERAGEIFS(AH$8:AH$307,AC$8:AC$307,AL22,AH$8:AH$307,"<>"),1),"-")) | AP22: =IF(AL22="","",IFERROR(ROUND(AVERAGEIFS(AK$8:AK$307,AC$8:AC$307,AL22,AK$8:AK$307,"<>"),1),"-")) | AQ22: =IF(OR(AL22="",AO22="-",AP22="-"),"",IF(AO22=0,0,(AO22-AP22)/AO22)) | AR22: =IF(AL22="","",IF(AO22="-","미입력",IF(AP22="-",IF(AO22>=9,"고위험⚠",IF(AO22>=6,"중위험⚠","저위험⚠")),IF(AO22>=9,"고위험",IF(AO22>=6,"중위험","저위험")))))
A23: 16 | B23: 충전부 | C23: 69 | D23: 미해당 | F23: 감전 | H23: 3 | I23: 삼지전자 | J23: 김가나3 | Z23: 지게차 | AB23: 6-1 | AC23: 케이블 결선 | AD23: 케이블 피복에 의한 감전 | AE23: 절연저항 측정 완료 후 결선 | AF23: 2 | AG23: 5 | AH23: =IF(AND(AF23<>"",AG23<>""),AF23*AG23,"") -> 10 | AI23: 1 | AJ23: 3 | AK23: =IF(AND(AI23<>"",AJ23<>""),AI23*AJ23,"") -> 3 | AL23: {=IFERROR(INDEX(_xlfn._xlws.SORT(_xlfn.UNIQUE(_xlfn._xlws.FILTER(AC$8:AC$307,AC$8:AC$307<>""))),16),"")} | AM23: =IF(AL23="","",COUNTIF(AC$8:AC$307,AL23)) | AN23: =IF(AL23="","",COUNTIFS(AC$8:AC$307,AL23,AH$8:AH$307,">="&9)) | AO23: =IF(AL23="","",IFERROR(ROUND(AVERAGEIFS(AH$8:AH$307,AC$8:AC$307,AL23,AH$8:AH$307,"<>"),1),"-")) | AP23: =IF(AL23="","",IFERROR(ROUND(AVERAGEIFS(AK$8:AK$307,AC$8:AC$307,AL23,AK$8:AK$307,"<>"),1),"-")) | AQ23: =IF(OR(AL23="",AO23="-",AP23="-"),"",IF(AO23=0,0,(AO23-AP23)/AO23)) | AR23: =IF(AL23="","",IF(AO23="-","미입력",IF(AP23="-",IF(AO23>=9,"고위험⚠",IF(AO23>=6,"중위험⚠","저위험⚠")),IF(AO23>=9,"고위험",IF(AO23>=6,"중위험","저위험")))))
A24: 17 | B24: 개구부(기타개구부) | C24: 67 | D24: 미해당 | F24: 고소 | H24: 4 | I24: 삼지전자 | J24: 김가나4 | Z24: 분류불능 | AB24: 6-2 | AC24: 케이블 결선 | AD24: 케이블 과부하로 화재 위험 | AE24: 케이블 용량 계산 후 적정 규격 사용 | AF24: 2 | AG24: 5 | AH24: =IF(AND(AF24<>"",AG24<>""),AF24*AG24,"") -> 10 | AI24: 2 | AJ24: 1 | AK24: =IF(AND(AI24<>"",AJ24<>""),AI24*AJ24,"") -> 2 | AL24: {=IFERROR(INDEX(_xlfn._xlws.SORT(_xlfn.UNIQUE(_xlfn._xlws.FILTER(AC$8:AC$307,AC$8:AC$307<>""))),17),"")} | AM24: =IF(AL24="","",COUNTIF(AC$8:AC$307,AL24)) | AN24: =IF(AL24="","",COUNTIFS(AC$8:AC$307,AL24,AH$8:AH$307,">="&9)) | AO24: =IF(AL24="","",IFERROR(ROUND(AVERAGEIFS(AH$8:AH$307,AC$8:AC$307,AL24,AH$8:AH$307,"<>"),1),"-")) | AP24: =IF(AL24="","",IFERROR(ROUND(AVERAGEIFS(AK$8:AK$307,AC$8:AC$307,AL24,AK$8:AK$307,"<>"),1),"-")) | AQ24: =IF(OR(AL24="",AO24="-",AP24="-"),"",IF(AO24=0,0,(AO24-AP24)/AO24)) | AR24: =IF(AL24="","",IF(AO24="-","미입력",IF(AP24="-",IF(AO24>=9,"고위험⚠",IF(AO24>=6,"중위험⚠","저위험⚠")),IF(AO24>=9,"고위험",IF(AO24>=6,"중위험","저위험")))))
A25: 18 | B25: 토사 | C25: 65 | D25: 해당 | H25: 5 | I25: 삼지전자 | J25: 김가나5 | Z25: 원인미상 | AB25: 6-3 | AC25: 케이블 결선 | AD25: 결선 단자 조임 불량으로 발열 | AE25: 토크 렌치로 규정 체결력 확인 | AF25: 3 | AG25: 4 | AH25: =IF(AND(AF25<>"",AG25<>""),AF25*AG25,"") -> 12 | AI25: 1 | AJ25: 3 | AK25: =IF(AND(AI25<>"",AJ25<>""),AI25*AJ25,"") -> 3 | AL25: {=IFERROR(INDEX(_xlfn._xlws.SORT(_xlfn.UNIQUE(_xlfn._xlws.FILTER(AC$8:AC$307,AC$8:AC$307<>""))),18),"")} | AM25: =IF(AL25="","",COUNTIF(AC$8:AC$307,AL25)) | AN25: =IF(AL25="","",COUNTIFS(AC$8:AC$307,AL25,AH$8:AH$307,">="&9)) | AO25: =IF(AL25="","",IFERROR(ROUND(AVERAGEIFS(AH$8:AH$307,AC$8:AC$307,AL25,AH$8:AH$307,"<>"),1),"-")) | AP25: =IF(AL25="","",IFERROR(ROUND(AVERAGEIFS(AK$8:AK$307,AC$8:AC$307,AL25,AK$8:AK$307,"<>"),1),"-")) | AQ25: =IF(OR(AL25="",AO25="-",AP25="-"),"",IF(AO25=0,0,(AO25-AP25)/AO25)) | AR25: =IF(AL25="","",IF(AO25="-","미입력",IF(AP25="-",IF(AO25>=9,"고위험⚠",IF(AO25>=6,"중위험⚠","저위험⚠")),IF(AO25>=9,"고위험",IF(AO25>=6,"중위험","저위험")))))
A26: 19 | B26: 기타자재(내부마감재,시멘트,마대) | C26: 63 | D26: 해당 | H26: 6 | I26: 삼지전자 | J26: 김가나6 | AB26: 7-1 | AC26: 시운전 및 점검 | AD26: 전원 투입 시 아크플래시 | AE26: 안면보호구 착용, 안전거리 확보 | AF26: 3 | AG26: 5 | AH26: =IF(AND(AF26<>"",AG26<>""),AF26*AG26,"") -> 15 | AI26: 2 | AJ26: 1 | AK26: =IF(AND(AI26<>"",AJ26<>""),AI26*AJ26,"") -> 2 | AL26: {=IFERROR(INDEX(_xlfn._xlws.SORT(_xlfn.UNIQUE(_xlfn._xlws.FILTER(AC$8:AC$307,AC$8:AC$307<>""))),19),"")} | AM26: =IF(AL26="","",COUNTIF(AC$8:AC$307,AL26)) | AN26: =IF(AL26="","",COUNTIFS(AC$8:AC$307,AL26,AH$8:AH$307,">="&9)) | AO26: =IF(AL26="","",IFERROR(ROUND(AVERAGEIFS(AH$8:AH$307,AC$8:AC$307,AL26,AH$8:AH$307,"<>"),1),"-")) | AP26: =IF(AL26="","",IFERROR(ROUND(AVERAGEIFS(AK$8:AK$307,AC$8:AC$307,AL26,AK$8:AK$307,"<>"),1),"-")) | AQ26: =IF(OR(AL26="",AO26="-",AP26="-"),"",IF(AO26=0,0,(AO26-AP26)/AO26)) | AR26: =IF(AL26="","",IF(AO26="-","미입력",IF(AP26="-",IF(AO26>=9,"고위험⚠",IF(AO26>=6,"중위험⚠","저위험⚠")),IF(AO26>=9,"고위험",IF(AO26>=6,"중위험","저위험")))))
A27: 20 | B27: 이동식크레인 | C27: 61 | D27: 해당 | E27: 중장비 | H27: 7 | I27: 삼지전자 | J27: 김가나7 | AB27: 7-2 | AC27: 시운전 및 점검 | AD27: 보호장치 미작동으로 사고 | AE27: 보호장치 동작 시험 완료 후 전원 투입 | AF27: 2 | AG27: 5 | AH27: =IF(AND(AF27<>"",AG27<>""),AF27*AG27,"") -> 10 | AI27: 2 | AJ27: 1 | AK27: =IF(AND(AI27<>"",AJ27<>""),AI27*AJ27,"") -> 2 | AL27: {=IFERROR(INDEX(_xlfn._xlws.SORT(_xlfn.UNIQUE(_xlfn._xlws.FILTER(AC$8:AC$307,AC$8:AC$307<>""))),20),"")} | AM27: =IF(AL27="","",COUNTIF(AC$8:AC$307,AL27)) | AN27: =IF(AL27="","",COUNTIFS(AC$8:AC$307,AL27,AH$8:AH$307,">="&9)) | AO27: =IF(AL27="","",IFERROR(ROUND(AVERAGEIFS(AH$8:AH$307,AC$8:AC$307,AL27,AH$8:AH$307,"<>"),1),"-")) | AP27: =IF(AL27="","",IFERROR(ROUND(AVERAGEIFS(AK$8:AK$307,AC$8:AC$307,AL27,AK$8:AK$307,"<>"),1),"-")) | AQ27: =IF(OR(AL27="",AO27="-",AP27="-"),"",IF(AO27=0,0,(AO27-AP27)/AO27)) | AR27: =IF(AL27="","",IF(AO27="-","미입력",IF(AP27="-",IF(AO27>=9,"고위험⚠",IF(AO27>=6,"중위험⚠","저위험⚠")),IF(AO27>=9,"고위험",IF(AO27>=6,"중위험","저위험")))))
A28: 21 | B28: 화학물질 | C28: 50 | D28: 미해당 | H28: 8 | I28: 삼지전자 | J28: 김가나8 | AB28: 1-1 | AC28: 전원차단 | AD28: 차단기 오조작으로 감전 | AE28: LOTO 절차 준수, 검전기 확인 | AF28: 2 | AG28: 5 | AH28: =IF(AND(AF28<>"",AG28<>""),AF28*AG28,"") -> 10 | AI28: 2 | AJ28: 1 | AK28: =IF(AND(AI28<>"",AJ28<>""),AI28*AJ28,"") -> 2 | AL28: {=IFERROR(INDEX(_xlfn._xlws.SORT(_xlfn.UNIQUE(_xlfn._xlws.FILTER(AC$8:AC$307,AC$8:AC$307<>""))),21),"")} | AM28: =IF(AL28="","",COUNTIF(AC$8:AC$307,AL28)) | AN28: =IF(AL28="","",COUNTIFS(AC$8:AC$307,AL28,AH$8:AH$307,">="&9)) | AO28: =IF(AL28="","",IFERROR(ROUND(AVERAGEIFS(AH$8:AH$307,AC$8:AC$307,AL28,AH$8:AH$307,"<>"),1),"-")) | AP28: =IF(AL28="","",IFERROR(ROUND(AVERAGEIFS(AK$8:AK$307,AC$8:AC$307,AL28,AK$8:AK$307,"<>"),1),"-")) | AQ28: =IF(OR(AL28="",AO28="-",AP28="-"),"",IF(AO28=0,0,(AO28-AP28)/AO28)) | AR28: =IF(AL28="","",IF(AO28="-","미입력",IF(AP28="-",IF(AO28>=9,"고위험⚠",IF(AO28>=6,"중위험⚠","저위험⚠")),IF(AO28>=9,"고위험",IF(AO28>=6,"중위험","저위험")))))
A29: 22 | B29: 기타구조물 | C29: 47 | D29: 미해당 | H29: 9 | I29: 삼지전자 | J29: 김가나9 | AB29: 1-2 | AC29: 전원차단 | AD29: 아크플래시 발생 | AE29: 절연장갑 착용, 안면보호구 | AF29: 2 | AG29: 4 | AH29: =IF(AND(AF29<>"",AG29<>""),AF29*AG29,"") -> 8 | AI29: 1 | AJ29: 3 | AK29: =IF(AND(AI29<>"",AJ29<>""),AI29*AJ29,"") -> 3 | AL29: {=IFERROR(INDEX(_xlfn._xlws.SORT(_xlfn.UNIQUE(_xlfn._xlws.FILTER(AC$8:AC$307,AC$8:AC$307<>""))),22),"")} | AM29: =IF(AL29="","",COUNTIF(AC$8:AC$307,AL29)) | AN29: =IF(AL29="","",COUNTIFS(AC$8:AC$307,AL29,AH$8:AH$307,">="&9)) | AO29: =IF(AL29="","",IFERROR(ROUND(AVERAGEIFS(AH$8:AH$307,AC$8:AC$307,AL29,AH$8:AH$307,"<>"),1),"-")) | AP29: =IF(AL29="","",IFERROR(ROUND(AVERAGEIFS(AK$8:AK$307,AC$8:AC$307,AL29,AK$8:AK$307,"<>"),1),"-")) | AQ29: =IF(OR(AL29="",AO29="-",AP29="-"),"",IF(AO29=0,0,(AO29-AP29)/AO29)) | AR29: =IF(AL29="","",IF(AO29="-","미입력",IF(AP29="-",IF(AO29>=9,"고위험⚠",IF(AO29>=6,"중위험⚠","저위험⚠")),IF(AO29>=9,"고위험",IF(AO29>=6,"중위험","저위험")))))
A30: 23 | B30: 각재(파이프,강관,합판) | C30: 39 | D30: 미해당 | H30: 10 | I30: 삼지전자 | J30: 김가나10 | AB30: 1-3 | AC30: 전원차단 | AD30: 잔류전압에 의한 감전 | AE30: 콘덴서 방전 후 작업 시작 | AF30: 3 | AG30: 5 | AH30: =IF(AND(AF30<>"",AG30<>""),AF30*AG30,"") -> 15 | AI30: 2 | AJ30: 1 | AK30: =IF(AND(AI30<>"",AJ30<>""),AI30*AJ30,"") -> 2 | AL30: {=IFERROR(INDEX(_xlfn._xlws.SORT(_xlfn.UNIQUE(_xlfn._xlws.FILTER(AC$8:AC$307,AC$8:AC$307<>""))),23),"")} | AM30: =IF(AL30="","",COUNTIF(AC$8:AC$307,AL30)) | AN30: =IF(AL30="","",COUNTIFS(AC$8:AC$307,AL30,AH$8:AH$307,">="&9)) | AO30: =IF(AL30="","",IFERROR(ROUND(AVERAGEIFS(AH$8:AH$307,AC$8:AC$307,AL30,AH$8:AH$307,"<>"),1),"-")) | AP30: =IF(AL30="","",IFERROR(ROUND(AVERAGEIFS(AK$8:AK$307,AC$8:AC$307,AL30,AK$8:AK$307,"<>"),1),"-")) | AQ30: =IF(OR(AL30="",AO30="-",AP30="-"),"",IF(AO30=0,0,(AO30-AP30)/AO30)) | AR30: =IF(AL30="","",IF(AO30="-","미입력",IF(AP30="-",IF(AO30>=9,"고위험⚠",IF(AO30>=6,"중위험⚠","저위험⚠")),IF(AO30>=9,"고위험",IF(AO30>=6,"중위험","저위험")))))
A31: 24 | B31: 철골(철골자재) | C31: 38 | D31: 해당 | F31: 고소 | H31: 11 | I31: 삼지전자 | J31: 김가나11 | AB31: 2-1 | AC31: 배전반 해체 | AD31: 볼트 풀림 시 날카로운 모서리에 절상 | AE31: 절연장갑 및 안전장갑 착용 | AF31: 3 | AG31: 2 | AH31: =IF(AND(AF31<>"",AG31<>""),AF31*AG31,"") -> 6 | AI31: 1 | AJ31: 3 | AK31: =IF(AND(AI31<>"",AJ31<>""),AI31*AJ31,"") -> 3 | AL31: {=IFERROR(INDEX(_xlfn._xlws.SORT(_xlfn.UNIQUE(_xlfn._xlws.FILTER(AC$8:AC$307,AC$8:AC$307<>""))),24),"")} | AM31: =IF(AL31="","",COUNTIF(AC$8:AC$307,AL31)) | AN31: =IF(AL31="","",COUNTIFS(AC$8:AC$307,AL31,AH$8:AH$307,">="&9)) | AO31: =IF(AL31="","",IFERROR(ROUND(AVERAGEIFS(AH$8:AH$307,AC$8:AC$307,AL31,AH$8:AH$307,"<>"),1),"-")) | AP31: =IF(AL31="","",IFERROR(ROUND(AVERAGEIFS(AK$8:AK$307,AC$8:AC$307,AL31,AK$8:AK$307,"<>"),1),"-")) | AQ31: =IF(OR(AL31="",AO31="-",AP31="-"),"",IF(AO31=0,0,(AO31-AP31)/AO31)) | AR31: =IF(AL31="","",IF(AO31="-","미입력",IF(AP31="-",IF(AO31>=9,"고위험⚠",IF(AO31>=6,"중위험⚠","저위험⚠")),IF(AO31>=9,"고위험",IF(AO31>=6,"중위험","저위험")))))
A32: 25 | B32: 벽체 | C32: 38 | D32: 해당 | H32: 12 | I32: 삼지전자 | J32: 김가나12 | AB32: 2-2 | AC32: 배전반 해체 | AD32: 배전반 넘어짐으로 충돌 | AE32: 작업반경 정리정돈, 바닥 전선 정리 | AF32: 2 | AG32: 3 | AH32: =IF(AND(AF32<>"",AG32<>""),AF32*AG32,"") -> 6 | AI32: 2 | AJ32: 1 | AK32: =IF(AND(AI32<>"",AJ32<>""),AI32*AJ32,"") -> 2 | AL32: {=IFERROR(INDEX(_xlfn._xlws.SORT(_xlfn.UNIQUE(_xlfn._xlws.FILTER(AC$8:AC$307,AC$8:AC$307<>""))),25),"")} | AM32: =IF(AL32="","",COUNTIF(AC$8:AC$307,AL32)) | AN32: =IF(AL32="","",COUNTIFS(AC$8:AC$307,AL32,AH$8:AH$307,">="&9)) | AO32: =IF(AL32="","",IFERROR(ROUND(AVERAGEIFS(AH$8:AH$307,AC$8:AC$307,AL32,AH$8:AH$307,"<>"),1),"-")) | AP32: =IF(AL32="","",IFERROR(ROUND(AVERAGEIFS(AK$8:AK$307,AC$8:AC$307,AL32,AK$8:AK$307,"<>"),1),"-")) | AQ32: =IF(OR(AL32="",AO32="-",AP32="-"),"",IF(AO32=0,0,(AO32-AP32)/AO32)) | AR32: =IF(AL32="","",IF(AO32="-","미입력",IF(AP32="-",IF(AO32>=9,"고위험⚠",IF(AO32>=6,"중위험⚠","저위험⚠")),IF(AO32>=9,"고위험",IF(AO32>=6,"중위험","저위험")))))
A33: 26 | B33: 기타건설장비 | C33: 32 | D33: 해당 | E33: 중장비 | H33: 13 | I33: 삼지전자 | J33: 김가나13 | AB33: 2-3 | AC33: 배전반 해체 | AD33: 부품 낙하로 인한 부상 | AE33: 헬멧 착용, 낙하방지망 설치 | AF33: 2 | AG33: 3 | AH33: =IF(AND(AF33<>"",AG33<>""),AF33*AG33,"") -> 6 | AI33: 1 | AJ33: 3 | AK33: =IF(AND(AI33<>"",AJ33<>""),AI33*AJ33,"") -> 3 | AL33: {=IFERROR(INDEX(_xlfn._xlws.SORT(_xlfn.UNIQUE(_xlfn._xlws.FILTER(AC$8:AC$307,AC$8:AC$307<>""))),26),"")} | AM33: =IF(AL33="","",COUNTIF(AC$8:AC$307,AL33)) | AN33: =IF(AL33="","",COUNTIFS(AC$8:AC$307,AL33,AH$8:AH$307,">="&9)) | AO33: =IF(AL33="","",IFERROR(ROUND(AVERAGEIFS(AH$8:AH$307,AC$8:AC$307,AL33,AH$8:AH$307,"<>"),1),"-")) | AP33: =IF(AL33="","",IFERROR(ROUND(AVERAGEIFS(AK$8:AK$307,AC$8:AC$307,AL33,AK$8:AK$307,"<>"),1),"-")) | AQ33: =IF(OR(AL33="",AO33="-",AP33="-"),"",IF(AO33=0,0,(AO33-AP33)/AO33)) | AR33: =IF(AL33="","",IF(AO33="-","미입력",IF(AP33="-",IF(AO33>=9,"고위험⚠",IF(AO33>=6,"중위험⚠","저위험⚠")),IF(AO33>=9,"고위험",IF(AO33>=6,"중위험","저위험")))))
A34: 27 | B34: 고정식크레인 | C34: 32 | D34: 미해당 | E34: 중장비 | H34: 14 | I34: 삼지전자 | J34: 김가나14 | AB34: 3-1 | AC34: 케이블 정비 | AD34: 피복손상으로 감전 | AE34: 절연저항 측정 후 작업 | AF34: 3 | AG34: 4 | AH34: =IF(AND(AF34<>"",AG34<>""),AF34*AG34,"") -> 12 | AI34: 2 | AJ34: 1 | AK34: =IF(AND(AI34<>"",AJ34<>""),AI34*AJ34,"") -> 2 | AL34: {=IFERROR(INDEX(_xlfn._xlws.SORT(_xlfn.UNIQUE(_xlfn._xlws.FILTER(AC$8:AC$307,AC$8:AC$307<>""))),27),"")} | AM34: =IF(AL34="","",COUNTIF(AC$8:AC$307,AL34)) | AN34: =IF(AL34="","",COUNTIFS(AC$8:AC$307,AL34,AH$8:AH$307,">="&9)) | AO34: =IF(AL34="","",IFERROR(ROUND(AVERAGEIFS(AH$8:AH$307,AC$8:AC$307,AL34,AH$8:AH$307,"<>"),1),"-")) | AP34: =IF(AL34="","",IFERROR(ROUND(AVERAGEIFS(AK$8:AK$307,AC$8:AC$307,AL34,AK$8:AK$307,"<>"),1),"-")) | AQ34: =IF(OR(AL34="",AO34="-",AP34="-"),"",IF(AO34=0,0,(AO34-AP34)/AO34)) | AR34: =IF(AL34="","",IF(AO34="-","미입력",IF(AP34="-",IF(AO34>=9,"고위험⚠",IF(AO34>=6,"중위험⚠","저위험⚠")),IF(AO34>=9,"고위험",IF(AO34>=6,"중위험","저위험")))))
A35: 28 | B35: 계단 | C35: 32 | D35: 해당 | F35: 고소 | H35: 15 | I35: 삼지전자 | J35: 김가나15 | AB35: 3-2 | AC35: 케이블 정비 | AD35: 케이블 단선 처리 시 천공 | AE35: 단선 케이블 처리함 사용, 분리 보관 | AF35: 2 | AG35: 2 | AH35: =IF(AND(AF35<>"",AG35<>""),AF35*AG35,"") -> 4 | AI35: 1 | AJ35: 3 | AK35: =IF(AND(AI35<>"",AJ35<>""),AI35*AJ35,"") -> 3 | AL35: {=IFERROR(INDEX(_xlfn._xlws.SORT(_xlfn.UNIQUE(_xlfn._xlws.FILTER(AC$8:AC$307,AC$8:AC$307<>""))),28),"")} | AM35: =IF(AL35="","",COUNTIF(AC$8:AC$307,AL35)) | AN35: =IF(AL35="","",COUNTIFS(AC$8:AC$307,AL35,AH$8:AH$307,">="&9)) | AO35: =IF(AL35="","",IFERROR(ROUND(AVERAGEIFS(AH$8:AH$307,AC$8:AC$307,AL35,AH$8:AH$307,"<>"),1),"-")) | AP35: =IF(AL35="","",IFERROR(ROUND(AVERAGEIFS(AK$8:AK$307,AC$8:AC$307,AL35,AK$8:AK$307,"<>"),1),"-")) | AQ35: =IF(OR(AL35="",AO35="-",AP35="-"),"",IF(AO35=0,0,(AO35-AP35)/AO35)) | AR35: =IF(AL35="","",IF(AO35="-","미입력",IF(AP35="-",IF(AO35>=9,"고위험⚠",IF(AO35>=6,"중위험⚠","저위험⚠")),IF(AO35>=9,"고위험",IF(AO35>=6,"중위험","저위험")))))
A36: 29 | B36: 전주 | C36: 32 | D36: 미해당 | H36: 16 | I36: 삼지전자 | J36: 김가나16 | AB36: 3-3 | AC36: 케이블 정비 | AD36: 케이블 트레이 날카로운 부분에 절상 | AE36: 안전장갑 착용, 날카로운 부분 테이핑 | AF36: 3 | AG36: 2 | AH36: =IF(AND(AF36<>"",AG36<>""),AF36*AG36,"") -> 6 | AI36: 2 | AJ36: 1 | AK36: =IF(AND(AI36<>"",AJ36<>""),AI36*AJ36,"") -> 2 | AL36: {=IFERROR(INDEX(_xlfn._xlws.SORT(_xlfn.UNIQUE(_xlfn._xlws.FILTER(AC$8:AC$307,AC$8:AC$307<>""))),29),"")} | AM36: =IF(AL36="","",COUNTIF(AC$8:AC$307,AL36)) | AN36: =IF(AL36="","",COUNTIFS(AC$8:AC$307,AL36,AH$8:AH$307,">="&9)) | AO36: =IF(AL36="","",IFERROR(ROUND(AVERAGEIFS(AH$8:AH$307,AC$8:AC$307,AL36,AH$8:AH$307,"<>"),1),"-")) | AP36: =IF(AL36="","",IFERROR(ROUND(AVERAGEIFS(AK$8:AK$307,AC$8:AC$307,AL36,AK$8:AK$307,"<>"),1),"-")) | AQ36: =IF(OR(AL36="",AO36="-",AP36="-"),"",IF(AO36=0,0,(AO36-AP36)/AO36)) | AR36: =IF(AL36="","",IF(AO36="-","미입력",IF(AP36="-",IF(AO36>=9,"고위험⚠",IF(AO36>=6,"중위험⚠","저위험⚠")),IF(AO36>=9,"고위험",IF(AO36>=6,"중위험","저위험")))))
A37: 30 | B37: 철근콘크리트자재(철근,콘크리트,PC) | C37: 31 | D37: 미해당 | H37: 17 | I37: 삼지전자 | J37: 김가나17 | AB37: 4-1 | AC37: 접지 점검 | AD37: 접지저항 미확보로 감전 위험 | AE37: 접지측정기로 저항값 확인 후 작업 | AF37: 3 | AG37: 5 | AH37: =IF(AND(AF37<>"",AG37<>""),AF37*AG37,"") -> 15 | AI37: 1 | AJ37: 3 | AK37: =IF(AND(AI37<>"",AJ37<>""),AI37*AJ37,"") -> 3 | AL37: {=IFERROR(INDEX(_xlfn._xlws.SORT(_xlfn.UNIQUE(_xlfn._xlws.FILTER(AC$8:AC$307,AC$8:AC$307<>""))),30),"")} | AM37: =IF(AL37="","",COUNTIF(AC$8:AC$307,AL37)) | AN37: =IF(AL37="","",COUNTIFS(AC$8:AC$307,AL37,AH$8:AH$307,">="&9)) | AO37: =IF(AL37="","",IFERROR(ROUND(AVERAGEIFS(AH$8:AH$307,AC$8:AC$307,AL37,AH$8:AH$307,"<>"),1),"-")) | AP37: =IF(AL37="","",IFERROR(ROUND(AVERAGEIFS(AK$8:AK$307,AC$8:AC$307,AL37,AK$8:AK$307,"<>"),1),"-")) | AQ37: =IF(OR(AL37="",AO37="-",AP37="-"),"",IF(AO37=0,0,(AO37-AP37)/AO37)) | AR37: =IF(AL37="","",IF(AO37="-","미입력",IF(AP37="-",IF(AO37>=9,"고위험⚠",IF(AO37>=6,"중위험⚠","저위험⚠")),IF(AO37>=9,"고위험",IF(AO37>=6,"중위험","저위험")))))
A38: 31 | B38: 천공기/항타기 | C38: 30 | D38: 해당 | E38: 중장비 | H38: 18 | I38: 삼지전자 | J38: 김가나18 | AB38: 4-2 | AC38: 접지 점검 | AD38: 접지선 풀림으로 감전 | AE38: 접지선 체결 상태 사전 확인 | AF38: 2 | AG38: 5 | AH38: =IF(AND(AF38<>"",AG38<>""),AF38*AG38,"") -> 10 | AI38: 2 | AJ38: 1 | AK38: =IF(AND(AI38<>"",AJ38<>""),AI38*AJ38,"") -> 2 | AL38: {=IFERROR(INDEX(_xlfn._xlws.SORT(_xlfn.UNIQUE(_xlfn._xlws.FILTER(AC$8:AC$307,AC$8:AC$307<>""))),31),"")} | AM38: =IF(AL38="","",COUNTIF(AC$8:AC$307,AL38)) | AN38: =IF(AL38="","",COUNTIFS(AC$8:AC$307,AL38,AH$8:AH$307,">="&9)) | AO38: =IF(AL38="","",IFERROR(ROUND(AVERAGEIFS(AH$8:AH$307,AC$8:AC$307,AL38,AH$8:AH$307,"<>"),1),"-")) | AP38: =IF(AL38="","",IFERROR(ROUND(AVERAGEIFS(AK$8:AK$307,AC$8:AC$307,AL38,AK$8:AK$307,"<>"),1),"-")) | AQ38: =IF(OR(AL38="",AO38="-",AP38="-"),"",IF(AO38=0,0,(AO38-AP38)/AO38)) | AR38: =IF(AL38="","",IF(AO38="-","미입력",IF(AP38="-",IF(AO38>=9,"고위험⚠",IF(AO38>=6,"중위험⚠","저위험⚠")),IF(AO38>=9,"고위험",IF(AO38>=6,"중위험","저위험")))))
A39: 32 | B39: 흙막이가시설 | C39: 30 | D39: 미해당 | H39: 19 | I39: 삼지전자 | J39: 김가나19 | AB39: 4-3 | AC39: 접지 점검 | AD39: 측정기 리드선 접촉 불량 | AE39: 측정기 교정 확인, 리드선 상태 점검 | AF39: 2 | AG39: 3 | AH39: =IF(AND(AF39<>"",AG39<>""),AF39*AG39,"") -> 6 | AI39: 1 | AJ39: 3 | AK39: =IF(AND(AI39<>"",AJ39<>""),AI39*AJ39,"") -> 3 | AL39: {=IFERROR(INDEX(_xlfn._xlws.SORT(_xlfn.UNIQUE(_xlfn._xlws.FILTER(AC$8:AC$307,AC$8:AC$307<>""))),32),"")} | AM39: =IF(AL39="","",COUNTIF(AC$8:AC$307,AL39)) | AN39: =IF(AL39="","",COUNTIFS(AC$8:AC$307,AL39,AH$8:AH$307,">="&9)) | AO39: =IF(AL39="","",IFERROR(ROUND(AVERAGEIFS(AH$8:AH$307,AC$8:AC$307,AL39,AH$8:AH$307,"<>"),1),"-")) | AP39: =IF(AL39="","",IFERROR(ROUND(AVERAGEIFS(AK$8:AK$307,AC$8:AC$307,AL39,AK$8:AK$307,"<>"),1),"-")) | AQ39: =IF(OR(AL39="",AO39="-",AP39="-"),"",IF(AO39=0,0,(AO39-AP39)/AO39)) | AR39: =IF(AL39="","",IF(AO39="-","미입력",IF(AP39="-",IF(AO39>=9,"고위험⚠",IF(AO39>=6,"중위험⚠","저위험⚠")),IF(AO39>=9,"고위험",IF(AO39>=6,"중위험","저위험")))))
A40: 33 | B40: 수목 | C40: 25 | D40: 미해당 | H40: 20 | I40: 삼지전자 | J40: 김가나20 | AB40: 5-1 | AC40: 새 배전반 설치 | AD40: 무거운 배전반 운반 중 근골격계 질환 | AE40: 운반기구 사용, 2인 1조 작업 | AF40: 3 | AG40: 3 | AH40: =IF(AND(AF40<>"",AG40<>""),AF40*AG40,"") -> 9 | AI40: 2 | AJ40: 1 | AK40: =IF(AND(AI40<>"",AJ40<>""),AI40*AJ40,"") -> 2 | AL40: {=IFERROR(INDEX(_xlfn._xlws.SORT(_xlfn.UNIQUE(_xlfn._xlws.FILTER(AC$8:AC$307,AC$8:AC$307<>""))),33),"")} | AM40: =IF(AL40="","",COUNTIF(AC$8:AC$307,AL40)) | AN40: =IF(AL40="","",COUNTIFS(AC$8:AC$307,AL40,AH$8:AH$307,">="&9)) | AO40: =IF(AL40="","",IFERROR(ROUND(AVERAGEIFS(AH$8:AH$307,AC$8:AC$307,AL40,AH$8:AH$307,"<>"),1),"-")) | AP40: =IF(AL40="","",IFERROR(ROUND(AVERAGEIFS(AK$8:AK$307,AC$8:AC$307,AL40,AK$8:AK$307,"<>"),1),"-")) | AQ40: =IF(OR(AL40="",AO40="-",AP40="-"),"",IF(AO40=0,0,(AO40-AP40)/AO40)) | AR40: =IF(AL40="","",IF(AO40="-","미입력",IF(AP40="-",IF(AO40>=9,"고위험⚠",IF(AO40>=6,"중위험⚠","저위험⚠")),IF(AO40>=9,"고위험",IF(AO40>=6,"중위험","저위험")))))
A41: 34 | B41: 리프트 | C41: 24 | D41: 해당 | E41: 중장비 | F41: 고소 | H41: 21 | I41: 삼지전자 | J41: 김가나21 | AB41: 5-2 | AC41: 새 배전반 설치 | AD41: 설치 위치 조정 시 끼임 위험 | AE41: 안전간격 확보, 끼임방지 커버 설치 | AF41: 2 | AG41: 4 | AH41: =IF(AND(AF41<>"",AG41<>""),AF41*AG41,"") -> 8 | AI41: 1 | AJ41: 3 | AK41: =IF(AND(AI41<>"",AJ41<>""),AI41*AJ41,"") -> 3 | AL41: {=IFERROR(INDEX(_xlfn._xlws.SORT(_xlfn.UNIQUE(_xlfn._xlws.FILTER(AC$8:AC$307,AC$8:AC$307<>""))),34),"")} | AM41: =IF(AL41="","",COUNTIF(AC$8:AC$307,AL41)) | AN41: =IF(AL41="","",COUNTIFS(AC$8:AC$307,AL41,AH$8:AH$307,">="&9)) | AO41: =IF(AL41="","",IFERROR(ROUND(AVERAGEIFS(AH$8:AH$307,AC$8:AC$307,AL41,AH$8:AH$307,"<>"),1),"-")) | AP41: =IF(AL41="","",IFERROR(ROUND(AVERAGEIFS(AK$8:AK$307,AC$8:AC$307,AL41,AK$8:AK$307,"<>"),1),"-")) | AQ41: =IF(OR(AL41="",AO41="-",AP41="-"),"",IF(AO41=0,0,(AO41-AP41)/AO41)) | AR41: =IF(AL41="","",IF(AO41="-","미입력",IF(AP41="-",IF(AO41>=9,"고위험⚠",IF(AO41>=6,"중위험⚠","저위험⚠")),IF(AO41>=9,"고위험",IF(AO41>=6,"중위험","저위험")))))
A42: 35 | B42: 천장(판넬 등 마감재) | C42: 23 | D42: 미해당 | H42: 22 | I42: 삼지전자 | J42: 김가나22 | AB42: 5-3 | AC42: 새 배전반 설치 | AD42: 배전반 고정 볼트 체결 시 소음 | AE42: 귀마개 착용 | AF42: 4 | AG42: 1 | AH42: =IF(AND(AF42<>"",AG42<>""),AF42*AG42,"") -> 4 | AI42: 2 | AJ42: 1 | AK42: =IF(AND(AI42<>"",AJ42<>""),AI42*AJ42,"") -> 2 | AL42: {=IFERROR(INDEX(_xlfn._xlws.SORT(_xlfn.UNIQUE(_xlfn._xlws.FILTER(AC$8:AC$307,AC$8:AC$307<>""))),35),"")} | AM42: =IF(AL42="","",COUNTIF(AC$8:AC$307,AL42)) | AN42: =IF(AL42="","",COUNTIFS(AC$8:AC$307,AL42,AH$8:AH$307,">="&9)) | AO42: =IF(AL42="","",IFERROR(ROUND(AVERAGEIFS(AH$8:AH$307,AC$8:AC$307,AL42,AH$8:AH$307,"<>"),1),"-")) | AP42: =IF(AL42="","",IFERROR(ROUND(AVERAGEIFS(AK$8:AK$307,AC$8:AC$307,AL42,AK$8:AK$307,"<>"),1),"-")) | AQ42: =IF(OR(AL42="",AO42="-",AP42="-"),"",IF(AO42=0,0,(AO42-AP42)/AO42)) | AR42: =IF(AL42="","",IF(AO42="-","미입력",IF(AP42="-",IF(AO42>=9,"고위험⚠",IF(AO42>=6,"중위험⚠","저위험⚠")),IF(AO42>=9,"고위험",IF(AO42>=6,"중위험","저위험")))))
A43: 36 | B43: 콘크리트펌프카 | C43: 22 | D43: 미해당 | E43: 중장비 | H43: 23 | I43: 삼지전자 | J43: 김가나23 | AB43: 6-1 | AC43: 케이블 결선 | AD43: 케이블 피복에 의한 감전 | AE43: 절연저항 측정 완료 후 결선 | AF43: 2 | AG43: 5 | AH43: =IF(AND(AF43<>"",AG43<>""),AF43*AG43,"") -> 10 | AI43: 1 | AJ43: 3 | AK43: =IF(AND(AI43<>"",AJ43<>""),AI43*AJ43,"") -> 3 | AL43: {=IFERROR(INDEX(_xlfn._xlws.SORT(_xlfn.UNIQUE(_xlfn._xlws.FILTER(AC$8:AC$307,AC$8:AC$307<>""))),36),"")} | AM43: =IF(AL43="","",COUNTIF(AC$8:AC$307,AL43)) | AN43: =IF(AL43="","",COUNTIFS(AC$8:AC$307,AL43,AH$8:AH$307,">="&9)) | AO43: =IF(AL43="","",IFERROR(ROUND(AVERAGEIFS(AH$8:AH$307,AC$8:AC$307,AL43,AH$8:AH$307,"<>"),1),"-")) | AP43: =IF(AL43="","",IFERROR(ROUND(AVERAGEIFS(AK$8:AK$307,AC$8:AC$307,AL43,AK$8:AK$307,"<>"),1),"-")) | AQ43: =IF(OR(AL43="",AO43="-",AP43="-"),"",IF(AO43=0,0,(AO43-AP43)/AO43)) | AR43: =IF(AL43="","",IF(AO43="-","미입력",IF(AP43="-",IF(AO43>=9,"고위험⚠",IF(AO43>=6,"중위험⚠","저위험⚠")),IF(AO43>=9,"고위험",IF(AO43>=6,"중위험","저위험")))))
A44: 37 | B44: 지게차 | C44: 21 | D44: 해당 | E44: 중장비 | H44: 24 | AB44: 6-2 | AC44: 케이블 결선 | AD44: 케이블 과부하로 화재 위험 | AE44: 케이블 용량 계산 후 적정 규격 사용 | AF44: 2 | AG44: 5 | AH44: =IF(AND(AF44<>"",AG44<>""),AF44*AG44,"") -> 10 | AI44: 2 | AJ44: 1 | AK44: =IF(AND(AI44<>"",AJ44<>""),AI44*AJ44,"") -> 2 | AL44: {=IFERROR(INDEX(_xlfn._xlws.SORT(_xlfn.UNIQUE(_xlfn._xlws.FILTER(AC$8:AC$307,AC$8:AC$307<>""))),37),"")} | AM44: =IF(AL44="","",COUNTIF(AC$8:AC$307,AL44)) | AN44: =IF(AL44="","",COUNTIFS(AC$8:AC$307,AL44,AH$8:AH$307,">="&9)) | AO44: =IF(AL44="","",IFERROR(ROUND(AVERAGEIFS(AH$8:AH$307,AC$8:AC$307,AL44,AH$8:AH$307,"<>"),1),"-")) | AP44: =IF(AL44="","",IFERROR(ROUND(AVERAGEIFS(AK$8:AK$307,AC$8:AC$307,AL44,AK$8:AK$307,"<>"),1),"-")) | AQ44: =IF(OR(AL44="",AO44="-",AP44="-"),"",IF(AO44=0,0,(AO44-AP44)/AO44)) | AR44: =IF(AL44="","",IF(AO44="-","미입력",IF(AP44="-",IF(AO44>=9,"고위험⚠",IF(AO44>=6,"중위험⚠","저위험⚠")),IF(AO44>=9,"고위험",IF(AO44>=6,"중위험","저위험")))))
A45: 38 | B45: 외부마감재 | C45: 21 | D45: 미해당 | H45: 25 | AB45: 6-3 | AC45: 케이블 결선 | AD45: 결선 단자 조임 불량으로 발열 | AE45: 토크 렌치로 규정 체결력 확인 | AF45: 3 | AG45: 4 | AH45: =IF(AND(AF45<>"",AG45<>""),AF45*AG45,"") -> 12 | AI45: 1 | AJ45: 3 | AK45: =IF(AND(AI45<>"",AJ45<>""),AI45*AJ45,"") -> 3 | AL45: {=IFERROR(INDEX(_xlfn._xlws.SORT(_xlfn.UNIQUE(_xlfn._xlws.FILTER(AC$8:AC$307,AC$8:AC$307<>""))),38),"")} | AM45: =IF(AL45="","",COUNTIF(AC$8:AC$307,AL45)) | AN45: =IF(AL45="","",COUNTIFS(AC$8:AC$307,AL45,AH$8:AH$307,">="&9)) | AO45: =IF(AL45="","",IFERROR(ROUND(AVERAGEIFS(AH$8:AH$307,AC$8:AC$307,AL45,AH$8:AH$307,"<>"),1),"-")) | AP45: =IF(AL45="","",IFERROR(ROUND(AVERAGEIFS(AK$8:AK$307,AC$8:AC$307,AL45,AK$8:AK$307,"<>"),1),"-")) | AQ45: =IF(OR(AL45="",AO45="-",AP45="-"),"",IF(AO45=0,0,(AO45-AP45)/AO45)) | AR45: =IF(AL45="","",IF(AO45="-","미입력",IF(AP45="-",IF(AO45>=9,"고위험⚠",IF(AO45>=6,"중위험⚠","저위험⚠")),IF(AO45>=9,"고위험",IF(AO45>=6,"중위험","저위험")))))
A46: 39 | B46: 엘리베이터피트 | C46: 21 | D46: 미해당 | H46: 26 | AB46: 7-1 | AC46: 시운전 및 점검 | AD46: 전원 투입 시 아크플래시 | AE46: 안면보호구 착용, 안전거리 확보 | AF46: 3 | AG46: 5 | AH46: =IF(AND(AF46<>"",AG46<>""),AF46*AG46,"") -> 15 | AI46: 2 | AJ46: 1 | AK46: =IF(AND(AI46<>"",AJ46<>""),AI46*AJ46,"") -> 2 | AL46: {=IFERROR(INDEX(_xlfn._xlws.SORT(_xlfn.UNIQUE(_xlfn._xlws.FILTER(AC$8:AC$307,AC$8:AC$307<>""))),39),"")} | AM46: =IF(AL46="","",COUNTIF(AC$8:AC$307,AL46)) | AN46: =IF(AL46="","",COUNTIFS(AC$8:AC$307,AL46,AH$8:AH$307,">="&9)) | AO46: =IF(AL46="","",IFERROR(ROUND(AVERAGEIFS(AH$8:AH$307,AC$8:AC$307,AL46,AH$8:AH$307,"<>"),1),"-")) | AP46: =IF(AL46="","",IFERROR(ROUND(AVERAGEIFS(AK$8:AK$307,AC$8:AC$307,AL46,AK$8:AK$307,"<>"),1),"-")) | AQ46: =IF(OR(AL46="",AO46="-",AP46="-"),"",IF(AO46=0,0,(AO46-AP46)/AO46)) | AR46: =IF(AL46="","",IF(AO46="-","미입력",IF(AP46="-",IF(AO46>=9,"고위험⚠",IF(AO46>=6,"중위험⚠","저위험⚠")),IF(AO46>=9,"고위험",IF(AO46>=6,"중위험","저위험")))))
A47: 40 | B47: 암석 | C47: 20 | D47: 미해당 | H47: 27 | AB47: 7-2 | AC47: 시운전 및 점검 | AD47: 보호장치 미작동으로 사고 | AE47: 보호장치 동작 시험 완료 후 전원 투입 | AF47: 2 | AG47: 5 | AH47: =IF(AND(AF47<>"",AG47<>""),AF47*AG47,"") -> 10 | AI47: 2 | AJ47: 1 | AK47: =IF(AND(AI47<>"",AJ47<>""),AI47*AJ47,"") -> 2 | AL47: {=IFERROR(INDEX(_xlfn._xlws.SORT(_xlfn.UNIQUE(_xlfn._xlws.FILTER(AC$8:AC$307,AC$8:AC$307<>""))),40),"")} | AM47: =IF(AL47="","",COUNTIF(AC$8:AC$307,AL47)) | AN47: =IF(AL47="","",COUNTIFS(AC$8:AC$307,AL47,AH$8:AH$307,">="&9)) | AO47: =IF(AL47="","",IFERROR(ROUND(AVERAGEIFS(AH$8:AH$307,AC$8:AC$307,AL47,AH$8:AH$307,"<>"),1),"-")) | AP47: =IF(AL47="","",IFERROR(ROUND(AVERAGEIFS(AK$8:AK$307,AC$8:AC$307,AL47,AK$8:AK$307,"<>"),1),"-")) | AQ47: =IF(OR(AL47="",AO47="-",AP47="-"),"",IF(AO47=0,0,(AO47-AP47)/AO47)) | AR47: =IF(AL47="","",IF(AO47="-","미입력",IF(AP47="-",IF(AO47>=9,"고위험⚠",IF(AO47>=6,"중위험⚠","저위험⚠")),IF(AO47>=9,"고위험",IF(AO47>=6,"중위험","저위험")))))
A48: 41 | B48: 물 | C48: 19 | D48: 미해당 | H48: 28 | AB48: 8 | AC48: ㄹㄹㅇ | AD48: ㄹㄹㅇ | AE48: ㄹㄹㅇ | AF48: 2 | AG48: 2 | AH48: =IF(AND(AF48<>"",AG48<>""),AF48*AG48,"") -> 4 | AK48: =IF(AND(AI48<>"",AJ48<>""),AI48*AJ48,"") | AL48: {=IFERROR(INDEX(_xlfn._xlws.SORT(_xlfn.UNIQUE(_xlfn._xlws.FILTER(AC$8:AC$307,AC$8:AC$307<>""))),41),"")} | AM48: =IF(AL48="","",COUNTIF(AC$8:AC$307,AL48)) | AN48: =IF(AL48="","",COUNTIFS(AC$8:AC$307,AL48,AH$8:AH$307,">="&9)) | AO48: =IF(AL48="","",IFERROR(ROUND(AVERAGEIFS(AH$8:AH$307,AC$8:AC$307,AL48,AH$8:AH$307,"<>"),1),"-")) | AP48: =IF(AL48="","",IFERROR(ROUND(AVERAGEIFS(AK$8:AK$307,AC$8:AC$307,AL48,AK$8:AK$307,"<>"),1),"-")) | AQ48: =IF(OR(AL48="",AO48="-",AP48="-"),"",IF(AO48=0,0,(AO48-AP48)/AO48)) | AR48: =IF(AL48="","",IF(AO48="-","미입력",IF(AP48="-",IF(AO48>=9,"고위험⚠",IF(AO48>=6,"중위험⚠","저위험⚠")),IF(AO48>=9,"고위험",IF(AO48>=6,"중위험","저위험")))))
A49: 42 | B49: 배관 | C49: 18 | D49: 미해당 | H49: 29 | AB49: 9 | AC49: ㄴㅇ | AD49: ㄴㅇ | AE49: ㄴㅇ | AF49: 3 | AG49: 3 | AH49: =IF(AND(AF49<>"",AG49<>""),AF49*AG49,"") -> 9 | AK49: =IF(AND(AI49<>"",AJ49<>""),AI49*AJ49,"") | AL49: {=IFERROR(INDEX(_xlfn._xlws.SORT(_xlfn.UNIQUE(_xlfn._xlws.FILTER(AC$8:AC$307,AC$8:AC$307<>""))),42),"")} | AM49: =IF(AL49="","",COUNTIF(AC$8:AC$307,AL49)) | AN49: =IF(AL49="","",COUNTIFS(AC$8:AC$307,AL49,AH$8:AH$307,">="&9)) | AO49: =IF(AL49="","",IFERROR(ROUND(AVERAGEIFS(AH$8:AH$307,AC$8:AC$307,AL49,AH$8:AH$307,"<>"),1),"-")) | AP49: =IF(AL49="","",IFERROR(ROUND(AVERAGEIFS(AK$8:AK$307,AC$8:AC$307,AL49,AK$8:AK$307,"<>"),1),"-")) | AQ49: =IF(OR(AL49="",AO49="-",AP49="-"),"",IF(AO49=0,0,(AO49-AP49)/AO49)) | AR49: =IF(AL49="","",IF(AO49="-","미입력",IF(AP49="-",IF(AO49>=9,"고위험⚠",IF(AO49>=6,"중위험⚠","저위험⚠")),IF(AO49>=9,"고위험",IF(AO49>=6,"중위험","저위험")))))
A50: 43 | B50: 분류불능 | C50: 18 | D50: 해당 | H50: 30 | AB50: 10 | AC50: ㄴㅇ | AD50: ㄴㅇ | AE50: ㄴㅇ | AF50: 3 | AG50: 3 | AH50: =IF(AND(AF50<>"",AG50<>""),AF50*AG50,"") -> 9 | AK50: =IF(AND(AI50<>"",AJ50<>""),AI50*AJ50,"") | AL50: {=IFERROR(INDEX(_xlfn._xlws.SORT(_xlfn.UNIQUE(_xlfn._xlws.FILTER(AC$8:AC$307,AC$8:AC$307<>""))),43),"")} | AM50: =IF(AL50="","",COUNTIF(AC$8:AC$307,AL50)) | AN50: =IF(AL50="","",COUNTIFS(AC$8:AC$307,AL50,AH$8:AH$307,">="&9)) | AO50: =IF(AL50="","",IFERROR(ROUND(AVERAGEIFS(AH$8:AH$307,AC$8:AC$307,AL50,AH$8:AH$307,"<>"),1),"-")) | AP50: =IF(AL50="","",IFERROR(ROUND(AVERAGEIFS(AK$8:AK$307,AC$8:AC$307,AL50,AK$8:AK$307,"<>"),1),"-")) | AQ50: =IF(OR(AL50="",AO50="-",AP50="-"),"",IF(AO50=0,0,(AO50-AP50)/AO50)) | AR50: =IF(AL50="","",IF(AO50="-","미입력",IF(AP50="-",IF(AO50>=9,"고위험⚠",IF(AO50>=6,"중위험⚠","저위험⚠")),IF(AO50>=9,"고위험",IF(AO50>=6,"중위험","저위험")))))
A51: 44 | B51: 말비계 | C51: 17 | D51: 미해당 | F51: 고소 | AB51: 11 | AC51: ㄴㅇ | AD51: ㄴㅇ | AE51: ㄴㅇ | AF51: 2 | AG51: 2 | AH51: =IF(AND(AF51<>"",AG51<>""),AF51*AG51,"") -> 4 | AK51: =IF(AND(AI51<>"",AJ51<>""),AI51*AJ51,"") | AL51: {=IFERROR(INDEX(_xlfn._xlws.SORT(_xlfn.UNIQUE(_xlfn._xlws.FILTER(AC$8:AC$307,AC$8:AC$307<>""))),44),"")} | AM51: =IF(AL51="","",COUNTIF(AC$8:AC$307,AL51)) | AN51: =IF(AL51="","",COUNTIFS(AC$8:AC$307,AL51,AH$8:AH$307,">="&9)) | AO51: =IF(AL51="","",IFERROR(ROUND(AVERAGEIFS(AH$8:AH$307,AC$8:AC$307,AL51,AH$8:AH$307,"<>"),1),"-")) | AP51: =IF(AL51="","",IFERROR(ROUND(AVERAGEIFS(AK$8:AK$307,AC$8:AC$307,AL51,AK$8:AK$307,"<>"),1),"-")) | AQ51: =IF(OR(AL51="",AO51="-",AP51="-"),"",IF(AO51=0,0,(AO51-AP51)/AO51)) | AR51: =IF(AL51="","",IF(AO51="-","미입력",IF(AP51="-",IF(AO51>=9,"고위험⚠",IF(AO51>=6,"중위험⚠","저위험⚠")),IF(AO51>=9,"고위험",IF(AO51>=6,"중위험","저위험")))))
A52: 45 | B52: 방망 | C52: 17 | D52: 미해당 | AC52: ㄱㄱㄱ | AD52: ㄱㄱㄱ | AE52: ㄱㄱ | AF52: 2 | AG52: 2 | AH52: =IF(AND(AF52<>"",AG52<>""),AF52*AG52,"") -> 4 | AK52: =IF(AND(AI52<>"",AJ52<>""),AI52*AJ52,"") | AL52: {=IFERROR(INDEX(_xlfn._xlws.SORT(_xlfn.UNIQUE(_xlfn._xlws.FILTER(AC$8:AC$307,AC$8:AC$307<>""))),45),"")} | AM52: =IF(AL52="","",COUNTIF(AC$8:AC$307,AL52)) | AN52: =IF(AL52="","",COUNTIFS(AC$8:AC$307,AL52,AH$8:AH$307,">="&9)) | AO52: =IF(AL52="","",IFERROR(ROUND(AVERAGEIFS(AH$8:AH$307,AC$8:AC$307,AL52,AH$8:AH$307,"<>"),1),"-")) | AP52: =IF(AL52="","",IFERROR(ROUND(AVERAGEIFS(AK$8:AK$307,AC$8:AC$307,AL52,AK$8:AK$307,"<>"),1),"-")) | AQ52: =IF(OR(AL52="",AO52="-",AP52="-"),"",IF(AO52=0,0,(AO52-AP52)/AO52)) | AR52: =IF(AL52="","",IF(AO52="-","미입력",IF(AP52="-",IF(AO52>=9,"고위험⚠",IF(AO52>=6,"중위험⚠","저위험⚠")),IF(AO52>=9,"고위험",IF(AO52>=6,"중위험","저위험")))))
A53: 46 | B53: 로울러 | C53: 15 | D53: 미해당 | E53: 중장비 | AC53: ㅁㅁ | AD53: ㄱㄱ | AE53: ㄱㄱ | AF53: 3 | AG53: 3 | AH53: =IF(AND(AF53<>"",AG53<>""),AF53*AG53,"") -> 9 | AK53: =IF(AND(AI53<>"",AJ53<>""),AI53*AJ53,"") | AL53: {=IFERROR(INDEX(_xlfn._xlws.SORT(_xlfn.UNIQUE(_xlfn._xlws.FILTER(AC$8:AC$307,AC$8:AC$307<>""))),46),"")} | AM53: =IF(AL53="","",COUNTIF(AC$8:AC$307,AL53)) | AN53: =IF(AL53="","",COUNTIFS(AC$8:AC$307,AL53,AH$8:AH$307,">="&9)) | AO53: =IF(AL53="","",IFERROR(ROUND(AVERAGEIFS(AH$8:AH$307,AC$8:AC$307,AL53,AH$8:AH$307,"<>"),1),"-")) | AP53: =IF(AL53="","",IFERROR(ROUND(AVERAGEIFS(AK$8:AK$307,AC$8:AC$307,AL53,AK$8:AK$307,"<>"),1),"-")) | AQ53: =IF(OR(AL53="",AO53="-",AP53="-"),"",IF(AO53=0,0,(AO53-AP53)/AO53)) | AR53: =IF(AL53="","",IF(AO53="-","미입력",IF(AP53="-",IF(AO53>=9,"고위험⚠",IF(AO53>=6,"중위험⚠","저위험⚠")),IF(AO53>=9,"고위험",IF(AO53>=6,"중위험","저위험")))))
A54: 47 | B54: 교통수단 | C54: 14 | D54: 미해당 | AH54: =IF(AND(AF54<>"",AG54<>""),AF54*AG54,"") | AK54: =IF(AND(AI54<>"",AJ54<>""),AI54*AJ54,"") | AL54: {=IFERROR(INDEX(_xlfn._xlws.SORT(_xlfn.UNIQUE(_xlfn._xlws.FILTER(AC$8:AC$307,AC$8:AC$307<>""))),47),"")} | AM54: =IF(AL54="","",COUNTIF(AC$8:AC$307,AL54)) | AN54: =IF(AL54="","",COUNTIFS(AC$8:AC$307,AL54,AH$8:AH$307,">="&9)) | AO54: =IF(AL54="","",IFERROR(ROUND(AVERAGEIFS(AH$8:AH$307,AC$8:AC$307,AL54,AH$8:AH$307,"<>"),1),"-")) | AP54: =IF(AL54="","",IFERROR(ROUND(AVERAGEIFS(AK$8:AK$307,AC$8:AC$307,AL54,AK$8:AK$307,"<>"),1),"-")) | AQ54: =IF(OR(AL54="",AO54="-",AP54="-"),"",IF(AO54=0,0,(AO54-AP54)/AO54)) | AR54: =IF(AL54="","",IF(AO54="-","미입력",IF(AP54="-",IF(AO54>=9,"고위험⚠",IF(AO54>=6,"중위험⚠","저위험⚠")),IF(AO54>=9,"고위험",IF(AO54>=6,"중위험","저위험")))))
A55: 48 | B55: 원인미상 | C55: 13 | D55: 해당 | AH55: =IF(AND(AF55<>"",AG55<>""),AF55*AG55,"") | AK55: =IF(AND(AI55<>"",AJ55<>""),AI55*AJ55,"") | AL55: {=IFERROR(INDEX(_xlfn._xlws.SORT(_xlfn.UNIQUE(_xlfn._xlws.FILTER(AC$8:AC$307,AC$8:AC$307<>""))),48),"")} | AM55: =IF(AL55="","",COUNTIF(AC$8:AC$307,AL55)) | AN55: =IF(AL55="","",COUNTIFS(AC$8:AC$307,AL55,AH$8:AH$307,">="&9)) | AO55: =IF(AL55="","",IFERROR(ROUND(AVERAGEIFS(AH$8:AH$307,AC$8:AC$307,AL55,AH$8:AH$307,"<>"),1),"-")) | AP55: =IF(AL55="","",IFERROR(ROUND(AVERAGEIFS(AK$8:AK$307,AC$8:AC$307,AL55,AK$8:AK$307,"<>"),1),"-")) | AQ55: =IF(OR(AL55="",AO55="-",AP55="-"),"",IF(AO55=0,0,(AO55-AP55)/AO55)) | AR55: =IF(AL55="","",IF(AO55="-","미입력",IF(AP55="-",IF(AO55>=9,"고위험⚠",IF(AO55>=6,"중위험⚠","저위험⚠")),IF(AO55>=9,"고위험",IF(AO55>=6,"중위험","저위험")))))
A56: 49 | B56: 동바리 | C56: 11 | D56: 미해당 | F56: 고소 | AH56: =IF(AND(AF56<>"",AG56<>""),AF56*AG56,"") | AK56: =IF(AND(AI56<>"",AJ56<>""),AI56*AJ56,"") | AL56: {=IFERROR(INDEX(_xlfn._xlws.SORT(_xlfn.UNIQUE(_xlfn._xlws.FILTER(AC$8:AC$307,AC$8:AC$307<>""))),49),"")} | AM56: =IF(AL56="","",COUNTIF(AC$8:AC$307,AL56)) | AN56: =IF(AL56="","",COUNTIFS(AC$8:AC$307,AL56,AH$8:AH$307,">="&9)) | AO56: =IF(AL56="","",IFERROR(ROUND(AVERAGEIFS(AH$8:AH$307,AC$8:AC$307,AL56,AH$8:AH$307,"<>"),1),"-")) | AP56: =IF(AL56="","",IFERROR(ROUND(AVERAGEIFS(AK$8:AK$307,AC$8:AC$307,AL56,AK$8:AK$307,"<>"),1),"-")) | AQ56: =IF(OR(AL56="",AO56="-",AP56="-"),"",IF(AO56=0,0,(AO56-AP56)/AO56)) | AR56: =IF(AL56="","",IF(AO56="-","미입력",IF(AP56="-",IF(AO56>=9,"고위험⚠",IF(AO56>=6,"중위험⚠","저위험⚠")),IF(AO56>=9,"고위험",IF(AO56>=6,"중위험","저위험")))))
A57: 50 | B57: 바닥(바닥에 걸려 넘어짐) | C57: 11 | D57: 미해당 | AH57: =IF(AND(AF57<>"",AG57<>""),AF57*AG57,"") | AK57: =IF(AND(AI57<>"",AJ57<>""),AI57*AJ57,"") | AL57: {=IFERROR(INDEX(_xlfn._xlws.SORT(_xlfn.UNIQUE(_xlfn._xlws.FILTER(AC$8:AC$307,AC$8:AC$307<>""))),50),"")} | AM57: =IF(AL57="","",COUNTIF(AC$8:AC$307,AL57)) | AN57: =IF(AL57="","",COUNTIFS(AC$8:AC$307,AL57,AH$8:AH$307,">="&9)) | AO57: =IF(AL57="","",IFERROR(ROUND(AVERAGEIFS(AH$8:AH$307,AC$8:AC$307,AL57,AH$8:AH$307,"<>"),1),"-")) | AP57: =IF(AL57="","",IFERROR(ROUND(AVERAGEIFS(AK$8:AK$307,AC$8:AC$307,AL57,AK$8:AK$307,"<>"),1),"-")) | AQ57: =IF(OR(AL57="",AO57="-",AP57="-"),"",IF(AO57=0,0,(AO57-AP57)/AO57)) | AR57: =IF(AL57="","",IF(AO57="-","미입력",IF(AP57="-",IF(AO57>=9,"고위험⚠",IF(AO57>=6,"중위험⚠","저위험⚠")),IF(AO57>=9,"고위험",IF(AO57>=6,"중위험","저위험")))))
A58: 51 | B58: 폭염 | C58: 11 | D58: 미해당 | E58: 하절기 필수선택 | AH58: =IF(AND(AF58<>"",AG58<>""),AF58*AG58,"") | AK58: =IF(AND(AI58<>"",AJ58<>""),AI58*AJ58,"") | AL58: 합계 | AM58: =COUNTA(AC8:AC307) -> 46 | AN58: =COUNTIF(AH8:AH307,">="&9) -> 25 | AO58: =IFERROR(ROUND(AVERAGEIFS(AH8:AH307,AH8:AH307,"<>"),1),"") -> 8.8 | AP58: =IFERROR(ROUND(AVERAGEIFS(AK8:AK307,AK8:AK307,"<>"),1),"") -> 2.5 | AQ58: =IFERROR(IF(AO58=0,"",(AO58-AP58)/AO58),"") -> 0.71590909
A59: 52 | B59: 비계(일체형비계) | C59: 11 | D59: 미해당 | AH59: =IF(AND(AF59<>"",AG59<>""),AF59*AG59,"") | AK59: =IF(AND(AI59<>"",AJ59<>""),AI59*AJ59,"") | AL59: ⚙ 차트 소스 (자동 연동 - 수정하지 마세요)
A60: 53 | B60: 용접(단)기 | C60: 8 | D60: 미해당 | E60: 공기구 | AH60: =IF(AND(AF60<>"",AG60<>""),AF60*AG60,"") | AK60: =IF(AND(AI60<>"",AJ60<>""),AI60*AJ60,"") | AL60: 공정 | AM60: 개선전 | AN60: 개선후 | AP60: 등급 | AQ60: 개선전 건수 | AS60: 등급 (전/후) | AT60: 건수
A61: 54 | B61: 콘크리트믹서 | C61: 7 | D61: 미해당 | E61: 중장비 | AH61: =IF(AND(AF61<>"",AG61<>""),AF61*AG61,"") | AK61: =IF(AND(AI61<>"",AJ61<>""),AI61*AJ61,"") | AL61: =IF(AL8="","",AL8) -> ㄱㄱㄱ | AM61: =IF(AL8="","",IF(AO8="-",0,AO8)) -> 4 | AN61: =IF(AL8="","",IF(AP8="-",0,AP8)) -> 0 | AP61: =AT8 -> 매우위험(VH) | AQ61: =AV8 -> 6 | AS61: 매우위험-개선전 | AT61: =AV8 -> 6
A62: 55 | B62: 절단기/톱 | C62: 6 | D62: 미해당 | E62: 공기구 | AH62: =IF(AND(AF62<>"",AG62<>""),AF62*AG62,"") | AK62: =IF(AND(AI62<>"",AJ62<>""),AI62*AJ62,"") | AL62: =IF(AL9="","",AL9) -> ㄴㅇ | AM62: =IF(AL9="","",IF(AO9="-",0,AO9)) -> 7.3 | AN62: =IF(AL9="","",IF(AP9="-",0,AP9)) -> 0 | AP62: =AT9 -> 고위험(H) | AQ62: =AV9 -> 19 | AS62: 매우위험-개선후 | AT62: =AW8 -> 0
A63: 56 | B63: 기타가설구조물 | C63: 5 | D63: 미해당 | AH63: =IF(AND(AF63<>"",AG63<>""),AF63*AG63,"") | AK63: =IF(AND(AI63<>"",AJ63<>""),AI63*AJ63,"") | AL63: =IF(AL10="","",AL10) -> ㄹㄹㅇ | AM63: =IF(AL10="","",IF(AO10="-",0,AO10)) -> 4 | AN63: =IF(AL10="","",IF(AP10="-",0,AP10)) -> 0 | AP63: =AT10 -> 중위험(M) | AQ63: =AV10 -> 21 | AS63: 고위험-개선전 | AT63: =AV9 -> 19
A64: 57 | B64: 기초파일 | C64: 4 | D64: 미해당 | AH64: =IF(AND(AF64<>"",AG64<>""),AF64*AG64,"") | AK64: =IF(AND(AI64<>"",AJ64<>""),AI64*AJ64,"") | AL64: =IF(AL11="","",AL11) -> ㅁㅁ | AM64: =IF(AL11="","",IF(AO11="-",0,AO11)) -> 9 | AN64: =IF(AL11="","",IF(AP11="-",0,AP11)) -> 0 | AP64: =AT11 -> 저위험(L) | AQ64: =AV11 -> 0 | AS64: 고위험-개선후 | AT64: =AW9 -> 0
A65: 58 | B65: 기타건설기계기구 | C65: 3 | D65: 미해당 | AH65: =IF(AND(AF65<>"",AG65<>""),AF65*AG65,"") | AK65: =IF(AND(AI65<>"",AJ65<>""),AI65*AJ65,"") | AL65: =IF(AL12="","",AL12) -> 배전반 해체 | AM65: =IF(AL12="","",IF(AO12="-",0,AO12)) -> 6 | AN65: =IF(AL12="","",IF(AP12="-",0,AP12)) -> 2.7 | AS65: 중위험-개선전 | AT65: =AV10 -> 21
AH66: =IF(AND(AF66<>"",AG66<>""),AF66*AG66,"") | AK66: =IF(AND(AI66<>"",AJ66<>""),AI66*AJ66,"") | AL66: =IF(AL13="","",AL13) -> 새 배전반 설치 | AM66: =IF(AL13="","",IF(AO13="-",0,AO13)) -> 7 | AN66: =IF(AL13="","",IF(AP13="-",0,AP13)) -> 2.3 | AS66: 중위험-개선후 | AT66: =AW10 -> 0
AH67: =IF(AND(AF67<>"",AG67<>""),AF67*AG67,"") | AK67: =IF(AND(AI67<>"",AJ67<>""),AI67*AJ67,"") | AL67: =IF(AL14="","",AL14) -> 시운전 및 점검 | AM67: =IF(AL14="","",IF(AO14="-",0,AO14)) -> 12.5 | AN67: =IF(AL14="","",IF(AP14="-",0,AP14)) -> 2 | AS67: 저위험-개선전 | AT67: =AV11 -> 0
AH68: =IF(AND(AF68<>"",AG68<>""),AF68*AG68,"") | AK68: =IF(AND(AI68<>"",AJ68<>""),AI68*AJ68,"") | AL68: =IF(AL15="","",AL15) -> 전원차단 | AM68: =IF(AL15="","",IF(AO15="-",0,AO15)) -> 11 | AN68: =IF(AL15="","",IF(AP15="-",0,AP15)) -> 2.3 | AS68: 저위험-개선후 | AT68: =AW11 -> 40
AH69: =IF(AND(AF69<>"",AG69<>""),AF69*AG69,"") | AK69: =IF(AND(AI69<>"",AJ69<>""),AI69*AJ69,"") | AL69: =IF(AL16="","",AL16) -> 접지 점검 | AM69: =IF(AL16="","",IF(AO16="-",0,AO16)) -> 10.3 | AN69: =IF(AL16="","",IF(AP16="-",0,AP16)) -> 2.7
AH70: =IF(AND(AF70<>"",AG70<>""),AF70*AG70,"") | AK70: =IF(AND(AI70<>"",AJ70<>""),AI70*AJ70,"") | AL70: =IF(AL17="","",AL17) -> 케이블 결선 | AM70: =IF(AL17="","",IF(AO17="-",0,AO17)) -> 10.7 | AN70: =IF(AL17="","",IF(AP17="-",0,AP17)) -> 2.7
AH71: =IF(AND(AF71<>"",AG71<>""),AF71*AG71,"") | AK71: =IF(AND(AI71<>"",AJ71<>""),AI71*AJ71,"") | AL71: =IF(AL18="","",AL18) -> 케이블 정비 | AM71: =IF(AL18="","",IF(AO18="-",0,AO18)) -> 7.3 | AN71: =IF(AL18="","",IF(AP18="-",0,AP18)) -> 2.3
AH72: =IF(AND(AF72<>"",AG72<>""),AF72*AG72,"") | AK72: =IF(AND(AI72<>"",AJ72<>""),AI72*AJ72,"") | AL72: =IF(AL19="","",AL19) | AM72: =IF(AL19="","",IF(AO19="-",0,AO19)) | AN72: =IF(AL19="","",IF(AP19="-",0,AP19))
AH73: =IF(AND(AF73<>"",AG73<>""),AF73*AG73,"") | AK73: =IF(AND(AI73<>"",AJ73<>""),AI73*AJ73,"") | AL73: =IF(AL20="","",AL20) | AM73: =IF(AL20="","",IF(AO20="-",0,AO20)) | AN73: =IF(AL20="","",IF(AP20="-",0,AP20))
AH74: =IF(AND(AF74<>"",AG74<>""),AF74*AG74,"") | AK74: =IF(AND(AI74<>"",AJ74<>""),AI74*AJ74,"") | AL74: =IF(AL21="","",AL21) | AM74: =IF(AL21="","",IF(AO21="-",0,AO21)) | AN74: =IF(AL21="","",IF(AP21="-",0,AP21))
AH75: =IF(AND(AF75<>"",AG75<>""),AF75*AG75,"") | AK75: =IF(AND(AI75<>"",AJ75<>""),AI75*AJ75,"") | AL75: =IF(AL22="","",AL22) | AM75: =IF(AL22="","",IF(AO22="-",0,AO22)) | AN75: =IF(AL22="","",IF(AP22="-",0,AP22))
AH76: =IF(AND(AF76<>"",AG76<>""),AF76*AG76,"") | AK76: =IF(AND(AI76<>"",AJ76<>""),AI76*AJ76,"") | AL76: =IF(AL23="","",AL23) | AM76: =IF(AL23="","",IF(AO23="-",0,AO23)) | AN76: =IF(AL23="","",IF(AP23="-",0,AP23))
AH77: =IF(AND(AF77<>"",AG77<>""),AF77*AG77,"") | AK77: =IF(AND(AI77<>"",AJ77<>""),AI77*AJ77,"") | AL77: =IF(AL24="","",AL24) | AM77: =IF(AL24="","",IF(AO24="-",0,AO24)) | AN77: =IF(AL24="","",IF(AP24="-",0,AP24))
AH78: =IF(AND(AF78<>"",AG78<>""),AF78*AG78,"") | AK78: =IF(AND(AI78<>"",AJ78<>""),AI78*AJ78,"") | AL78: =IF(AL25="","",AL25) | AM78: =IF(AL25="","",IF(AO25="-",0,AO25)) | AN78: =IF(AL25="","",IF(AP25="-",0,AP25))
AH79: =IF(AND(AF79<>"",AG79<>""),AF79*AG79,"") | AK79: =IF(AND(AI79<>"",AJ79<>""),AI79*AJ79,"") | AL79: =IF(AL26="","",AL26) | AM79: =IF(AL26="","",IF(AO26="-",0,AO26)) | AN79: =IF(AL26="","",IF(AP26="-",0,AP26))
AH80: =IF(AND(AF80<>"",AG80<>""),AF80*AG80,"") | AK80: =IF(AND(AI80<>"",AJ80<>""),AI80*AJ80,"") | AL80: =IF(AL27="","",AL27) | AM80: =IF(AL27="","",IF(AO27="-",0,AO27)) | AN80: =IF(AL27="","",IF(AP27="-",0,AP27))
... AH110: =IF(AND(AF110<>"",AG110<>""),AF110*AG110,"") | AK110: =IF(AND(AI110<>"",AJ110<>""),AI110*AJ110,"") | AL110: =IF(AL57="","",AL57) | AM110: =IF(AL57="","",IF(AO57="-",0,AO57)) | AN110: =IF(AL57="","",IF(AP57="-",0,AP57))
AH111: =IF(AND(AF111<>"",AG111<>""),AF111*AG111,"") | AK111: =IF(AND(AI111<>"",AJ111<>""),AI111*AJ111,"")
AH112: =IF(AND(AF112<>"",AG112<>""),AF112*AG112,"") | AK112: =IF(AND(AI112<>"",AJ112<>""),AI112*AJ112,"")
AH113: =IF(AND(AF113<>"",AG113<>""),AF113*AG113,"") | AK113: =IF(AND(AI113<>"",AJ113<>""),AI113*AJ113,"")
AH114: =IF(AND(AF114<>"",AG114<>""),AF114*AG114,"") | AK114: =IF(AND(AI114<>"",AJ114<>""),AI114*AJ114,"")
AH115: =IF(AND(AF115<>"",AG115<>""),AF115*AG115,"") | AK115: =IF(AND(AI115<>"",AJ115<>""),AI115*AJ115,"")
AH116: =IF(AND(AF116<>"",AG116<>""),AF116*AG116,"") | AK116: =IF(AND(AI116<>"",AJ116<>""),AI116*AJ116,"")
AH117: =IF(AND(AF117<>"",AG117<>""),AF117*AG117,"") | AK117: =IF(AND(AI117<>"",AJ117<>""),AI117*AJ117,"")
AH118: =IF(AND(AF118<>"",AG118<>""),AF118*AG118,"") | AK118: =IF(AND(AI118<>"",AJ118<>""),AI118*AJ118,"")
AH119: =IF(AND(AF119<>"",AG119<>""),AF119*AG119,"") | AK119: =IF(AND(AI119<>"",AJ119<>""),AI119*AJ119,"")
AH120: =IF(AND(AF120<>"",AG120<>""),AF120*AG120,"") | AK120: =IF(AND(AI120<>"",AJ120<>""),AI120*AJ120,"")
AH121: =IF(AND(AF121<>"",AG121<>""),AF121*AG121,"") | AK121: =IF(AND(AI121<>"",AJ121<>""),AI121*AJ121,"")
AH122: =IF(AND(AF122<>"",AG122<>""),AF122*AG122,"") | AK122: =IF(AND(AI122<>"",AJ122<>""),AI122*AJ122,"")
... AH307: =IF(AND(AF307<>"",AG307<>""),AF307*AG307,"") | AK307: =IF(AND(AI307<>"",AJ307<>""),AI307*AJ307,"")

Sheet 기인물 위험정보제공
B1: 기인물 기반 위험성평가 — SIF DB 연계 참조 시트 | S1: {=_xlfn._xlws.FILTER(B12:B69,D12:D69="해당","—")} -> 지붕(처마,홈통)
B2: 기인물을 선택하면, 해당 기인물의 다빈도 공정 · 재해형태 · 사고사례 · 개선대책이 자동으로 표시됩니다. | 오른쪽 기인물 목록 참조 | S2: 사다리
A3: 기인물 선택 | S3: 굴착기
A4: ① 기인물 선택 | C4: 내용 | F4: 위험성평가 한줄 커멘트 | S4: 개구부(바닥개구부)
A5: 기인물 선택 | C5: 계단 | F5: =IF(C5="","","기인물 "&""&C5&"는 "&G23&", "&G24&", "&G25&" 등에 대한 위험요인과 그에 따른 대책 검토가 필요합니다. 사고사망사례와 주요 개선대책을 참조해주신 후 위험성평가에 반영해주시고, TBM 시에도 사고사망사례와 개선대책을 전달해 주시기 바랍니다.") -> 기인물 계단는 떨어짐 (28건), 부딪힘 접촉 (2건), 깔림 뒤집힘 (1건) 등에 대한 위험요인과 그에 따른 대책 검토가 필요합니다. 사고사망사례와 주요 개선대책을 참조해주신 후 위험성평가에 반영해주시고, TBM 시에도 사고사망사례와 개선대책을 전달해 주시기 바랍니다. | S5: 기계설비
A6: 기인물 분류 | C6: =IF(C5="","—",IFERROR(INDEX('SIF DB'!F$2:F$2575,MATCH(C5,'SIF DB'!G$2:G$2575,0)),"—")) -> 계단 | S6: 이동식비계
A7: ⚠ SIF 사고사망(건) | C7: =IF(C5="","—",COUNTIF('SIF DB'!G$2:G$2575,C5)) -> 32 | S7: 토사
A8: 기인물의 위험도 순위 | C8: =IF(C5="","—",IFERROR(INDEX(A$12:A$70,MATCH(C5,B$12:B$70,0))&"위","—")) -> 28위 | S8: 기타자재(내부마감재,시멘트,마대)
S9: 이동식크레인
A10: 📋 기인물 전체 목록 (다빈도순) | F10: 위험성평가 주요 검토 사항 | L10: 재해형태별 사고사망사례 | P10: 개선대책 참조용 | S10: 철골(철골자재) | AA10: ② 다빈도 사용공정 Top 10
A11: No. | B11: 기인물 | C11: 건수 | D11: 체크 | L11: No. | M11: 재해형태 | N11: 재해개요 (사고사망 사례) | P11: No. | Q11: 재해형태 | R11: 위험성 감소대책 (예시) | S11: 벽체 | AA11: No. | AB11: 작업명 (공정)
A12: 1 | B12: 지붕(처마,홈통) | C12: =COUNTIF('SIF DB'!G:G,B12) -> 129 | D12: ='Dashboard 입력'!D8 -> 해당 | L12: 1 | M12: {=IF($C$5="","",IFERROR(INDEX(_Helper!E:E,_xlfn.AGGREGATE(15,6,ROW(_Helper!A$2:A$581)/((_Helper!A$2:A$581=$C$5)*(_Helper!H$2:H$581<1)*(_Helper!H$2:H$581+_Helper!I$2:I$581>=1)),1)),""))} -> 떨어짐 | N12: {=IF(OR($C$5="",M12=""),"",IFERROR(INDEX('SIF DB'!P:P,_xlfn.AGGREGATE(15,6,ROW('SIF DB'!P$2:P$2575)/(('SIF DB'!G$2:G$2575=$C$5)*('SIF DB'!O$2:O$2575=M12)),1-INDEX(_Helper!H:H,_xlfn.AGGREGATE(15,6,ROW(_Helper!A$2:A$581)/((_Helper!A$2:A$581=$C$5)*(_Helper!E$2:E$581=M12)),1)))),""))} -> 2016년 11월경 근생 및 단독신축 현장에서 재해자가 옥상에서 철근배근 작업을 하고 오전 간식을 먹기 위해 계단으로 내려오던 중 지상 1층 중간 계단참에서 실족하여 옹벽 외부 바닥으로 떨어져(높이 약 2.8m) 사망 | P12: 1 | Q12: {=IF($C$5="","",IFERROR(INDEX(_Helper!E:E,_xlfn.AGGREGATE(15,6,ROW(_Helper!A$2:A$581)/((_Helper!A$2:A$581=$C$5)*(_Helper!H$2:H$581<1)*(_Helper!H$2:H$581+_Helper!I$2:I$581>=1)),1)),""))} -> 떨어짐 | R12: {=IF(OR($C$5="",Q12=""),"",IFERROR(INDEX('SIF DB'!R:R,_xlfn.AGGREGATE(15,6,ROW('SIF DB'!R$2:R$2575)/(('SIF DB'!G$2:G$2575=$C$5)*('SIF DB'!O$2:O$2575=Q12)),1-INDEX(_Helper!H:H,_xlfn.AGGREGATE(15,6,ROW(_Helper!A$2:A$581)/((_Helper!A$2:A$581=$C$5)*(_Helper!E$2:E$581=Q12)),1)))),""))} -> ▶ 조적작업을 위해 시멘트 벽돌을 건물 각 층 자재인양 개구부를 통해 반입 시 하이랜더 등의 건설 인양장비 사용 및 내부 엘리베이터를 통해 소운반 ▶ 추락위험이 있는 작업발판 및 통로의 끝이나 개구부에는 안전난간 등 설치 ▶ 인양작업용 양중기는 훅 걸이용 줄걸이가 벗겨지는 것을 방지하기 위한 해지장치 설치 | S12: 기타건설장비 | AA12: 1 | AB12: {=IF($C$5="","",IFERROR(IF(INDEX(_Helper!C$2:C$581,_xlfn.AGGREGATE(15,6,ROW(_Helper!A$2:A$581)-1/((_Helper!A$2:A$581=$C$5)*(_Helper!B$2:B$581=1)),1))="","",INDEX(_Helper!C$2:C$581,_xlfn.AGGREGATE(15,6,ROW(_Helper!A$2:A$581)-1/((_Helper!A$2:A$581=$C$5)*(_Helper!B$2:B$581=1)),1))&" ("&INDEX(_Helper!D$2:D$581,_xlfn.AGGREGATE(15,6,ROW(_Helper!A$2:A$581)-1/((_Helper!A$2:A$581=$C$5)*(_Helper!B$2:B$581=1)),1))&"건)"),""))} -> 4.1 조적, 미장 및 견출작업 (6건)
A13: 2 | B13: 비계 | C13: =COUNTIF('SIF DB'!G:G,B13) -> 129 | D13: ='Dashboard 입력'!D9 -> 미해당 | L13: 2 | M13: {=IF($C$5="","",IFERROR(INDEX(_Helper!E:E,_xlfn.AGGREGATE(15,6,ROW(_Helper!A$2:A$581)/((_Helper!A$2:A$581=$C$5)*(_Helper!H$2:H$581<2)*(_Helper!H$2:H$581+_Helper!I$2:I$581>=2)),1)),""))} -> 떨어짐 | N13: {=IF(OR($C$5="",M13=""),"",IFERROR(INDEX('SIF DB'!P:P,_xlfn.AGGREGATE(15,6,ROW('SIF DB'!P$2:P$2575)/(('SIF DB'!G$2:G$2575=$C$5)*('SIF DB'!O$2:O$2575=M13)),2-INDEX(_Helper!H:H,_xlfn.AGGREGATE(15,6,ROW(_Helper!A$2:A$581)/((_Helper!A$2:A$581=$C$5)*(_Helper!E$2:E$581=M13)),1)))),""))} -> 2016년 1월경 OO건설(주)이 시공하는 OO주거복합시설 신축현장에서 재해자가 지상14층 돌음계단 거푸집조립·해체 작업 중 계단실내 개구부로 추락하여 사망 | P13: 2 | Q13: {=IF($C$5="","",IFERROR(INDEX(_Helper!E:E,_xlfn.AGGREGATE(15,6,ROW(_Helper!A$2:A$581)/((_Helper!A$2:A$581=$C$5)*(_Helper!H$2:H$581<2)*(_Helper!H$2:H$581+_Helper!I$2:I$581>=2)),1)),""))} -> 떨어짐 | R13: {=IF(OR($C$5="",Q13=""),"",IFERROR(INDEX('SIF DB'!R:R,_xlfn.AGGREGATE(15,6,ROW('SIF DB'!R$2:R$2575)/(('SIF DB'!G$2:G$2575=$C$5)*('SIF DB'!O$2:O$2575=Q13)),2-INDEX(_Helper!H:H,_xlfn.AGGREGATE(15,6,ROW(_Helper!A$2:A$581)/((_Helper!A$2:A$581=$C$5)*(_Helper!E$2:E$581=Q13)),1)))),""))} -> ▶ 기둥 상부 작업 등 추락 위험이 있는 작업은 이동식 비계 등을 이용하여 발판 및 안전난간 등 설치 ▶ 거푸집 조립 작업 등 추락 위험이 있는 장소에서 작업 시 추락방호망, 안전난간 설치, 안전대 착용 등 추락방호조치 실시 ▶ 임시로 난간 등을 해체하여야 하는 경우 비계와 건물 사이에 추락방호망 설치 | S13: 계단 | AA13: 2 | AB13: {=IF($C$5="","",IFERROR(IF(INDEX(_Helper!C$2:C$581,_xlfn.AGGREGATE(15,6,ROW(_Helper!A$2:A$581)-1/((_Helper!A$2:A$581=$C$5)*(_Helper!B$2:B$581=2)),1))="","",INDEX(_Helper!C$2:C$581,_xlfn.AGGREGATE(15,6,ROW(_Helper!A$2:A$581)-1/((_Helper!A$2:A$581=$C$5)*(_Helper!B$2:B$581=2)),1))&" ("&INDEX(_Helper!D$2:D$581,_xlfn.AGGREGATE(15,6,ROW(_Helper!A$2:A$581)-1/((_Helper!A$2:A$581=$C$5)*(_Helper!B$2:B$581=2)),1))&"건)"),""))} -> 4.3 석재 및 타일 작업 (6건)
A14: 3 | B14: 철골(철골구조물) | C14: =COUNTIF('SIF DB'!G:G,B14) -> 118 | D14: ='Dashboard 입력'!D10 -> 미해당 | L14: 3 | M14: {=IF($C$5="","",IFERROR(INDEX(_Helper!E:E,_xlfn.AGGREGATE(15,6,ROW(_Helper!A$2:A$581)/((_Helper!A$2:A$581=$C$5)*(_Helper!H$2:H$581<3)*(_Helper!H$2:H$581+_Helper!I$2:I$581>=3)),1)),""))} -> 떨어짐 | N14: {=IF(OR($C$5="",M14=""),"",IFERROR(INDEX('SIF DB'!P:P,_xlfn.AGGREGATE(15,6,ROW('SIF DB'!P$2:P$2575)/(('SIF DB'!G$2:G$2575=$C$5)*('SIF DB'!O$2:O$2575=M14)),3-INDEX(_Helper!H:H,_xlfn.AGGREGATE(15,6,ROW(_Helper!A$2:A$581)/((_Helper!A$2:A$581=$C$5)*(_Helper!E$2:E$581=M14)),1)))),""))} -> 2017년 5월경 (주)OO건설에서 시공하는 OO신축공사 현장에서 협력업체 (주)OO건설 재해자가 지상 5층 주계단실의 계단참 거푸집 해체작업을 위해 계단참에서 작업하던 중, 몸의 중심을 잃고 거푸집과 함께 4층 계단실 바닥으로 떨어져(H≒3~3.75m) 사망 | P14: 3 | Q14: {=IF($C$5="","",IFERROR(INDEX(_Helper!E:E,_xlfn.AGGREGATE(15,6,ROW(_Helper!A$2:A$581)/((_Helper!A$2:A$581=$C$5)*(_Helper!H$2:H$581<3)*(_Helper!H$2:H$581+_Helper!I$2:I$581>=3)),1)),""))} -> 떨어짐 | R14: {=IF(OR($C$5="",Q14=""),"",IFERROR(INDEX('SIF DB'!R:R,_xlfn.AGGREGATE(15,6,ROW('SIF DB'!R$2:R$2575)/(('SIF DB'!G$2:G$2575=$C$5)*('SIF DB'!O$2:O$2575=Q14)),3-INDEX(_Helper!H:H,_xlfn.AGGREGATE(15,6,ROW(_Helper!A$2:A$581)/((_Helper!A$2:A$581=$C$5)*(_Helper!E$2:E$581=Q14)),1)))),""))} -> ▶ 추락위험이 있는 구간에는 추락방호망, 안전난간 설치 또는 및 안전대 착용후 작업 ▶ 작업발판 설치시 작업발판이 뒤집어지거나 떨어지지 않도록 견고히 고정 | S14: 천공기/항타기 | AA14: 3 | AB14: {=IF($C$5="","",IFERROR(IF(INDEX(_Helper!C$2:C$581,_xlfn.AGGREGATE(15,6,ROW(_Helper!A$2:A$581)-1/((_Helper!A$2:A$581=$C$5)*(_Helper!B$2:B$581=3)),1))="","",INDEX(_Helper!C$2:C$581,_xlfn.AGGREGATE(15,6,ROW(_Helper!A$2:A$581)-1/((_Helper!A$2:A$581=$C$5)*(_Helper!B$2:B$581=3)),1))&" ("&INDEX(_Helper!D$2:D$581,_xlfn.AGGREGATE(15,6,ROW(_Helper!A$2:A$581)-1/((_Helper!A$2:A$581=$C$5)*(_Helper!B$2:B$581=3)),1))&"건)"),""))} -> 2.1 거푸집 작업 (4건)
A15: 4 | B15: 사다리 | C15: =COUNTIF('SIF DB'!G:G,B15) -> 116 | D15: ='Dashboard 입력'!D11 -> 해당 | L15: 4 | M15: {=IF($C$5="","",IFERROR(INDEX(_Helper!E:E,_xlfn.AGGREGATE(15,6,ROW(_Helper!A$2:A$581)/((_Helper!A$2:A$581=$C$5)*(_Helper!H$2:H$581<4)*(_Helper!H$2:H$581+_Helper!I$2:I$581>=4)),1)),""))} -> 떨어짐 | N15: {=IF(OR($C$5="",M15=""),"",IFERROR(INDEX('SIF DB'!P:P,_xlfn.AGGREGATE(15,6,ROW('SIF DB'!P$2:P$2575)/(('SIF DB'!G$2:G$2575=$C$5)*('SIF DB'!O$2:O$2575=M15)),4-INDEX(_Helper!H:H,_xlfn.AGGREGATE(15,6,ROW(_Helper!A$2:A$581)/((_Helper!A$2:A$581=$C$5)*(_Helper!E$2:E$581=M15)),1)))),""))} -> 2019년 6월경 OO건설(주)에서 시공중인 OO빌딩신축공사 현장에서 협력업체 소속 재해자가 단독으로 지하1층 계단실 자재 정리·정돈 또는 청소작업 중, 몸의 중심을 잃고 지하1층 계단참으로 떨어져(H≒2.0m) 사망 | P15: 4 | Q15: {=IF($C$5="","",IFERROR(INDEX(_Helper!E:E,_xlfn.AGGREGATE(15,6,ROW(_Helper!A$2:A$581)/((_Helper!A$2:A$581=$C$5)*(_Helper!H$2:H$581<4)*(_Helper!H$2:H$581+_Helper!I$2:I$581>=4)),1)),""))} -> 떨어짐 | R15: {=IF(OR($C$5="",Q15=""),"",IFERROR(INDEX('SIF DB'!R:R,_xlfn.AGGREGATE(15,6,ROW('SIF DB'!R$2:R$2575)/(('SIF DB'!G$2:G$2575=$C$5)*('SIF DB'!O$2:O$2575=Q15)),4-INDEX(_Helper!H:H,_xlfn.AGGREGATE(15,6,ROW(_Helper!A$2:A$581)/((_Helper!A$2:A$581=$C$5)*(_Helper!E$2:E$581=Q15)),1)))),""))} -> ▶ 추락위험이 있는 구간에는 추락방호망, 안전난간 설치 또는 및 안전대 착용후 작업 ▶ 작업장에서 넘어지거나 미끄러지는 등 위험이 없도록 작업장 바닥 등을 안전하고 청결한 상태로 유지 후 작업 시행 | S15: 리프트 | AA15: 4 | AB15: {=IF($C$5="","",IFERROR(IF(INDEX(_Helper!C$2:C$581,_xlfn.AGGREGATE(15,6,ROW(_Helper!A$2:A$581)-1/((_Helper!A$2:A$581=$C$5)*(_Helper!B$2:B$581=4)),1))="","",INDEX(_Helper!C$2:C$581,_xlfn.AGGREGATE(15,6,ROW(_Helper!A$2:A$581)-1/((_Helper!A$2:A$581=$C$5)*(_Helper!B$2:B$581=4)),1))&" ("&INDEX(_Helper!D$2:D$581,_xlfn.AGGREGATE(15,6,ROW(_Helper!A$2:A$581)-1/((_Helper!A$2:A$581=$C$5)*(_Helper!B$2:B$581=4)),1))&"건)"),""))} -> 3.1 철골 작업 (3건)
A16: 5 | B16: 고소작업대 | C16: =COUNTIF('SIF DB'!G:G,B16) -> 114 | D16: ='Dashboard 입력'!D12 -> 미해당 | L16: 5 | M16: {=IF($C$5="","",IFERROR(INDEX(_Helper!E:E,_xlfn.AGGREGATE(15,6,ROW(_Helper!A$2:A$581)/((_Helper!A$2:A$581=$C$5)*(_Helper!H$2:H$581<5)*(_Helper!H$2:H$581+_Helper!I$2:I$581>=5)),1)),""))} -> 떨어짐 | N16: {=IF(OR($C$5="",M16=""),"",IFERROR(INDEX('SIF DB'!P:P,_xlfn.AGGREGATE(15,6,ROW('SIF DB'!P$2:P$2575)/(('SIF DB'!G$2:G$2575=$C$5)*('SIF DB'!O$2:O$2575=M16)),5-INDEX(_Helper!H:H,_xlfn.AGGREGATE(15,6,ROW(_Helper!A$2:A$581)/((_Helper!A$2:A$581=$C$5)*(_Helper!E$2:E$581=M16)),1)))),""))} -> 2016년 8월경 OO 공사현장에서 재해자가 슬라브의 철근조립 및 운반작업 후 휴식을 취하던 중 계단실 부위 개구부(폭 1m× 길이 2.6m)를 통해 약 3m 아래의 지하1층 콘크리트 바닥으로 추락하여 사망 | P16: 5 | Q16: {=IF($C$5="","",IFERROR(INDEX(_Helper!E:E,_xlfn.AGGREGATE(15,6,ROW(_Helper!A$2:A$581)/((_Helper!A$2:A$581=$C$5)*(_Helper!H$2:H$581<5)*(_Helper!H$2:H$581+_Helper!I$2:I$581>=5)),1)),""))} -> 떨어짐 | R16: {=IF(OR($C$5="",Q16=""),"",IFERROR(INDEX('SIF DB'!R:R,_xlfn.AGGREGATE(15,6,ROW('SIF DB'!R$2:R$2575)/(('SIF DB'!G$2:G$2575=$C$5)*('SIF DB'!O$2:O$2575=Q16)),5-INDEX(_Helper!H:H,_xlfn.AGGREGATE(15,6,ROW(_Helper!A$2:A$581)/((_Helper!A$2:A$581=$C$5)*(_Helper!E$2:E$581=Q16)),1)))),""))} -> ▶ 자재 반입구와 같이 개구부로서 떨어질 위험이 있는 경우 안전난간 또는 안전방망과 같이 추락방호시설 설치 ▶ 안전난간 또는 안전방망 설치가 곤란한 경우 안전대 지급 및 안전대를 걸 수 있는 안전대 부착설비 설치 | S16: 지게차 | AA16: 5 | AB16: {=IF($C$5="","",IFERROR(IF(INDEX(_Helper!C$2:C$581,_xlfn.AGGREGATE(15,6,ROW(_Helper!A$2:A$581)-1/((_Helper!A$2:A$581=$C$5)*(_Helper!B$2:B$581=5)),1))="","",INDEX(_Helper!C$2:C$581,_xlfn.AGGREGATE(15,6,ROW(_Helper!A$2:A$581)-1/((_Helper!A$2:A$581=$C$5)*(_Helper!B$2:B$581=5)),1))&" ("&INDEX(_Helper!D$2:D$581,_xlfn.AGGREGATE(15,6,ROW(_Helper!A$2:A$581)-1/((_Helper!A$2:A$581=$C$5)*(_Helper!B$2:B$581=5)),1))&"건)"),""))} -> 12.7 기타(작업환경, 청소 등) (2건)
A17: 6 | B17: 굴착기 | C17: =COUNTIF('SIF DB'!G:G,B17) -> 104 | D17: ='Dashboard 입력'!D13 -> 해당 | L17: 6 | M17: {=IF($C$5="","",IFERROR(INDEX(_Helper!E:E,_xlfn.AGGREGATE(15,6,ROW(_Helper!A$2:A$581)/((_Helper!A$2:A$581=$C$5)*(_Helper!H$2:H$581<6)*(_Helper!H$2:H$581+_Helper!I$2:I$581>=6)),1)),""))} -> 부딪힘 접촉 | N17: {=IF(OR($C$5="",M17=""),"",IFERROR(INDEX('SIF DB'!P:P,_xlfn.AGGREGATE(15,6,ROW('SIF DB'!P$2:P$2575)/(('SIF DB'!G$2:G$2575=$C$5)*('SIF DB'!O$2:O$2575=M17)),6-INDEX(_Helper!H:H,_xlfn.AGGREGATE(15,6,ROW(_Helper!A$2:A$581)/((_Helper!A$2:A$581=$C$5)*(_Helper!E$2:E$581=M17)),1)))),""))} -> 2020년 1월경 OO공동주택 신축공사 현장에서 재해자가 옥상층에서 자재정리 등 청소작업을 마치고 현장 내부 계단으로 내려오던 중 몸의 중심을 잃고 떨어지면서 세대 내부 구조체에 부딪혀 사망 | P17: 6 | Q17: {=IF($C$5="","",IFERROR(INDEX(_Helper!E:E,_xlfn.AGGREGATE(15,6,ROW(_Helper!A$2:A$581)/((_Helper!A$2:A$581=$C$5)*(_Helper!H$2:H$581<6)*(_Helper!H$2:H$581+_Helper!I$2:I$581>=6)),1)),""))} -> 부딪힘 접촉 | R17: {=IF(OR($C$5="",Q17=""),"",IFERROR(INDEX('SIF DB'!R:R,_xlfn.AGGREGATE(15,6,ROW('SIF DB'!R$2:R$2575)/(('SIF DB'!G$2:G$2575=$C$5)*('SIF DB'!O$2:O$2575=Q17)),6-INDEX(_Helper!H:H,_xlfn.AGGREGATE(15,6,ROW(_Helper!A$2:A$581)/((_Helper!A$2:A$581=$C$5)*(_Helper!E$2:E$581=Q17)),1)))),""))} -> ▶ 계단실 등 추락단부 안전난간대 설치 등 추락방호조치 실시 ▶ 근로자 개인보호구, 안전대 체결여부 점검 및 관리감독 | S17: 분류불능 | AA17: 6 | AB17: {=IF($C$5="","",IFERROR(IF(INDEX(_Helper!C$2:C$581,_xlfn.AGGREGATE(15,6,ROW(_Helper!A$2:A$581)-1/((_Helper!A$2:A$581=$C$5)*(_Helper!B$2:B$581=6)),1))="","",INDEX(_Helper!C$2:C$581,_xlfn.AGGREGATE(15,6,ROW(_Helper!A$2:A$581)-1/((_Helper!A$2:A$581=$C$5)*(_Helper!B$2:B$581=6)),1))&" ("&INDEX(_Helper!D$2:D$581,_xlfn.AGGREGATE(15,6,ROW(_Helper!A$2:A$581)-1/((_Helper!A$2:A$581=$C$5)*(_Helper!B$2:B$581=6)),1))&"건)"),""))} -> 4.4 도장작업 (2건)
A18: 7 | B18: 슬라브단부 | C18: =COUNTIF('SIF DB'!G:G,B18) -> 92 | D18: ='Dashboard 입력'!D14 -> 미해당 | L18: 7 | M18: {=IF($C$5="","",IFERROR(INDEX(_Helper!E:E,_xlfn.AGGREGATE(15,6,ROW(_Helper!A$2:A$581)/((_Helper!A$2:A$581=$C$5)*(_Helper!H$2:H$581<7)*(_Helper!H$2:H$581+_Helper!I$2:I$581>=7)),1)),""))} -> 부딪힘 접촉 | N18: {=IF(OR($C$5="",M18=""),"",IFERROR(INDEX('SIF DB'!P:P,_xlfn.AGGREGATE(15,6,ROW('SIF DB'!P$2:P$2575)/(('SIF DB'!G$2:G$2575=$C$5)*('SIF DB'!O$2:O$2575=M18)),7-INDEX(_Helper!H:H,_xlfn.AGGREGATE(15,6,ROW(_Helper!A$2:A$581)/((_Helper!A$2:A$581=$C$5)*(_Helper!E$2:E$581=M18)),1)))),""))} -> 2017년 9월 OO(주) OO아파트 주택재건축 현장에서 재해자가 아파트 계단실에서 이동하던 중 뒤로 넘어지면서 콘크리트 바닥에 머리를 부딪쳐 사망 | P18: 7 | Q18: {=IF($C$5="","",IFERROR(INDEX(_Helper!E:E,_xlfn.AGGREGATE(15,6,ROW(_Helper!A$2:A$581)/((_Helper!A$2:A$581=$C$5)*(_Helper!H$2:H$581<7)*(_Helper!H$2:H$581+_Helper!I$2:I$581>=7)),1)),""))} -> 부딪힘 접촉 | R18: {=IF(OR($C$5="",Q18=""),"",IFERROR(INDEX('SIF DB'!R:R,_xlfn.AGGREGATE(15,6,ROW('SIF DB'!R$2:R$2575)/(('SIF DB'!G$2:G$2575=$C$5)*('SIF DB'!O$2:O$2575=Q18)),7-INDEX(_Helper!H:H,_xlfn.AGGREGATE(15,6,ROW(_Helper!A$2:A$581)/((_Helper!A$2:A$581=$C$5)*(_Helper!E$2:E$581=Q18)),1)))),""))} -> ▶ 근로자는 계단실을 이용하여 이동할 경우 안전난간을 잡고 이동 하는 등 안전하게 통행 | S18: 원인미상 | AA18: 7 | AB18: {=IF($C$5="","",IFERROR(IF(INDEX(_Helper!C$2:C$581,_xlfn.AGGREGATE(15,6,ROW(_Helper!A$2:A$581)-1/((_Helper!A$2:A$581=$C$5)*(_Helper!B$2:B$581=7)),1))="","",INDEX(_Helper!C$2:C$581,_xlfn.AGGREGATE(15,6,ROW(_Helper!A$2:A$581)-1/((_Helper!A$2:A$581=$C$5)*(_Helper!B$2:B$581=7)),1))&" ("&INDEX(_Helper!D$2:D$581,_xlfn.AGGREGATE(15,6,ROW(_Helper!A$2:A$581)-1/((_Helper!A$2:A$581=$C$5)*(_Helper!B$2:B$581=7)),1))&"건)"),""))} -> 5.2 기계설비 작업 (2건)
A19: 8 | B19: 지붕(채광판,선라이트) | C19: =COUNTIF('SIF DB'!G:G,B19) -> 90 | D19: ='Dashboard 입력'!D15 -> 미해당 | L19: 8 | M19: {=IF($C$5="","",IFERROR(INDEX(_Helper!E:E,_xlfn.AGGREGATE(15,6,ROW(_Helper!A$2:A$581)/((_Helper!A$2:A$581=$C$5)*(_Helper!H$2:H$581<8)*(_Helper!H$2:H$581+_Helper!I$2:I$581>=8)),1)),""))} -> 깔림 뒤집힘 | N19: {=IF(OR($C$5="",M19=""),"",IFERROR(INDEX('SIF DB'!P:P,_xlfn.AGGREGATE(15,6,ROW('SIF DB'!P$2:P$2575)/(('SIF DB'!G$2:G$2575=$C$5)*('SIF DB'!O$2:O$2575=M19)),8-INDEX(_Helper!H:H,_xlfn.AGGREGATE(15,6,ROW(_Helper!A$2:A$581)/((_Helper!A$2:A$581=$C$5)*(_Helper!E$2:E$581=M19)),1)))),""))} -> 2016년 9월경 단독주택신축공사 현장에서 외부 계단슬래브 하부 거푸집동바리 해체작업 중이던 재해자가 무너져 내린 계단슬래브 구조물에 깔려 사망 | P19: 8 | Q19: {=IF($C$5="","",IFERROR(INDEX(_Helper!E:E,_xlfn.AGGREGATE(15,6,ROW(_Helper!A$2:A$581)/((_Helper!A$2:A$581=$C$5)*(_Helper!H$2:H$581<8)*(_Helper!H$2:H$581+_Helper!I$2:I$581>=8)),1)),""))} -> 깔림 뒤집힘 | R19: {=IF(OR($C$5="",Q19=""),"",IFERROR(INDEX('SIF DB'!R:R,_xlfn.AGGREGATE(15,6,ROW('SIF DB'!R$2:R$2575)/(('SIF DB'!G$2:G$2575=$C$5)*('SIF DB'!O$2:O$2575=Q19)),8-INDEX(_Helper!H:H,_xlfn.AGGREGATE(15,6,ROW(_Helper!A$2:A$581)/((_Helper!A$2:A$581=$C$5)*(_Helper!E$2:E$581=Q19)),1)))),""))} -> ▶ 콘크리트 타설 후 양생기간을 준수하여 거푸집동바리 해체 실시 ▶ 거푸집동바리 해체 작업 시 낙하에 의한 재해를 방지하기 위해 순차적으로 파이프 써포트를 제거하면서 부분적으로 해체 ▶ 해체작업을 하는 장소에는 관계 근로자가 아닌 근로자 출입을 금지 철저 | AA19: 8 | AB19: {=IF($C$5="","",IFERROR(IF(INDEX(_Helper!C$2:C$581,_xlfn.AGGREGATE(15,6,ROW(_Helper!A$2:A$581)-1/((_Helper!A$2:A$581=$C$5)*(_Helper!B$2:B$581=8)),1))="","",INDEX(_Helper!C$2:C$581,_xlfn.AGGREGATE(15,6,ROW(_Helper!A$2:A$581)-1/((_Helper!A$2:A$581=$C$5)*(_Helper!B$2:B$581=8)),1))&" ("&INDEX(_Helper!D$2:D$581,_xlfn.AGGREGATE(15,6,ROW(_Helper!A$2:A$581)-1/((_Helper!A$2:A$581=$C$5)*(_Helper!B$2:B$581=8)),1))&"건)"),""))} -> 2.3 철근 작업 (1건)
A20: 9 | B20: 작업발판/가설계단 | C20: =COUNTIF('SIF DB'!G:G,B20) -> 85 | D20: ='Dashboard 입력'!D16 -> 미해당 | L20: 9 | M20: {=IF($C$5="","",IFERROR(INDEX(_Helper!E:E,_xlfn.AGGREGATE(15,6,ROW(_Helper!A$2:A$581)/((_Helper!A$2:A$581=$C$5)*(_Helper!H$2:H$581<9)*(_Helper!H$2:H$581+_Helper!I$2:I$581>=9)),1)),""))} -> 넘어짐 | N20: {=IF(OR($C$5="",M20=""),"",IFERROR(INDEX('SIF DB'!P:P,_xlfn.AGGREGATE(15,6,ROW('SIF DB'!P$2:P$2575)/(('SIF DB'!G$2:G$2575=$C$5)*('SIF DB'!O$2:O$2575=M20)),9-INDEX(_Helper!H:H,_xlfn.AGGREGATE(15,6,ROW(_Helper!A$2:A$581)/((_Helper!A$2:A$581=$C$5)*(_Helper!E$2:E$581=M20)),1)))),""))} -> 2016년 3월경 OO신축공사에서 2층 계단실 벽체 미장작업을 위해 계단위를 오르던 중 몸의 중심을 잃고 넘어져 사망 | P20: 9 | Q20: {=IF($C$5="","",IFERROR(INDEX(_Helper!E:E,_xlfn.AGGREGATE(15,6,ROW(_Helper!A$2:A$581)/((_Helper!A$2:A$581=$C$5)*(_Helper!H$2:H$581<9)*(_Helper!H$2:H$581+_Helper!I$2:I$581>=9)),1)),""))} -> 넘어짐 | R20: {=IF(OR($C$5="",Q20=""),"",IFERROR(INDEX('SIF DB'!R:R,_xlfn.AGGREGATE(15,6,ROW('SIF DB'!R$2:R$2575)/(('SIF DB'!G$2:G$2575=$C$5)*('SIF DB'!O$2:O$2575=Q20)),9-INDEX(_Helper!H:H,_xlfn.AGGREGATE(15,6,ROW(_Helper!A$2:A$581)/((_Helper!A$2:A$581=$C$5)*(_Helper!E$2:E$581=Q20)),1)))),""))} -> ▶ 계단 단부 등 추락위험이 있는 장소에는 안전난간 견고하게 설치 ▶ 개인보호구 착용 철저 | AA20: 9 | AB20: {=IF($C$5="","",IFERROR(IF(INDEX(_Helper!C$2:C$581,_xlfn.AGGREGATE(15,6,ROW(_Helper!A$2:A$581)-1/((_Helper!A$2:A$581=$C$5)*(_Helper!B$2:B$581=9)),1))="","",INDEX(_Helper!C$2:C$581,_xlfn.AGGREGATE(15,6,ROW(_Helper!A$2:A$581)-1/((_Helper!A$2:A$581=$C$5)*(_Helper!B$2:B$581=9)),1))&" ("&INDEX(_Helper!D$2:D$581,_xlfn.AGGREGATE(15,6,ROW(_Helper!A$2:A$581)-1/((_Helper!A$2:A$581=$C$5)*(_Helper!B$2:B$581=9)),1))&"건)"),""))} -> 2.4 콘크리트 작업 (1건)
A21: 10 | B21: 개구부(바닥개구부) | C21: =COUNTIF('SIF DB'!G:G,B21) -> 80 | D21: ='Dashboard 입력'!D17 -> 해당 | F21: ③ 다빈도 재해형태 Top 10 | L21: 10 | M21: {=IF($C$5="","",IFERROR(INDEX(_Helper!E:E,_xlfn.AGGREGATE(15,6,ROW(_Helper!A$2:A$581)/((_Helper!A$2:A$581=$C$5)*(_Helper!H$2:H$581<10)*(_Helper!H$2:H$581+_Helper!I$2:I$581>=10)),1)),""))} | N21: {=IF(OR($C$5="",M21=""),"",IFERROR(INDEX('SIF DB'!P:P,_xlfn.AGGREGATE(15,6,ROW('SIF DB'!P$2:P$2575)/(('SIF DB'!G$2:G$2575=$C$5)*('SIF DB'!O$2:O$2575=M21)),10-INDEX(_Helper!H:H,_xlfn.AGGREGATE(15,6,ROW(_Helper!A$2:A$581)/((_Helper!A$2:A$581=$C$5)*(_Helper!E$2:E$581=M21)),1)))),""))} | P21: 10 | Q21: {=IF($C$5="","",IFERROR(INDEX(_Helper!E:E,_xlfn.AGGREGATE(15,6,ROW(_Helper!A$2:A$581)/((_Helper!A$2:A$581=$C$5)*(_Helper!H$2:H$581<10)*(_Helper!H$2:H$581+_Helper!I$2:I$581>=10)),1)),""))} | R21: {=IF(OR($C$5="",Q21=""),"",IFERROR(INDEX('SIF DB'!R:R,_xlfn.AGGREGATE(15,6,ROW('SIF DB'!R$2:R$2575)/(('SIF DB'!G$2:G$2575=$C$5)*('SIF DB'!O$2:O$2575=Q21)),10-INDEX(_Helper!H:H,_xlfn.AGGREGATE(15,6,ROW(_Helper!A$2:A$581)/((_Helper!A$2:A$581=$C$5)*(_Helper!E$2:E$581=Q21)),1)))),""))} | AA21: 10 | AB21: {=IF($C$5="","",IFERROR(IF(INDEX(_Helper!C$2:C$581,_xlfn.AGGREGATE(15,6,ROW(_Helper!A$2:A$581)-1/((_Helper!A$2:A$581=$C$5)*(_Helper!B$2:B$581=10)),1))="","",INDEX(_Helper!C$2:C$581,_xlfn.AGGREGATE(15,6,ROW(_Helper!A$2:A$581)-1/((_Helper!A$2:A$581=$C$5)*(_Helper!B$2:B$581=10)),1))&" ("&INDEX(_Helper!D$2:D$581,_xlfn.AGGREGATE(15,6,ROW(_Helper!A$2:A$581)-1/((_Helper!A$2:A$581=$C$5)*(_Helper!B$2:B$581=10)),1))&"건)"),""))} -> 4.2 방수 작업 (1건)
A22: 11 | B22: 거푸집 | C22: =COUNTIF('SIF DB'!G:G,B22) -> 80 | D22: ='Dashboard 입력'!D18 -> 미해당 | F22: No. | G22: 재해형태 | L22: 11 | M22: {=IF($C$5="","",IFERROR(INDEX(_Helper!E:E,_xlfn.AGGREGATE(15,6,ROW(_Helper!A$2:A$581)/((_Helper!A$2:A$581=$C$5)*(_Helper!H$2:H$581<11)*(_Helper!H$2:H$581+_Helper!I$2:I$581>=11)),1)),""))} | N22: {=IF(OR($C$5="",M22=""),"",IFERROR(INDEX('SIF DB'!P:P,_xlfn.AGGREGATE(15,6,ROW('SIF DB'!P$2:P$2575)/(('SIF DB'!G$2:G$2575=$C$5)*('SIF DB'!O$2:O$2575=M22)),11-INDEX(_Helper!H:H,_xlfn.AGGREGATE(15,6,ROW(_Helper!A$2:A$581)/((_Helper!A$2:A$581=$C$5)*(_Helper!E$2:E$581=M22)),1)))),""))} | P22: 11 | Q22: {=IF($C$5="","",IFERROR(INDEX(_Helper!E:E,_xlfn.AGGREGATE(15,6,ROW(_Helper!A$2:A$581)/((_Helper!A$2:A$581=$C$5)*(_Helper!H$2:H$581<11)*(_Helper!H$2:H$581+_Helper!I$2:I$581>=11)),1)),""))} | R22: {=IF(OR($C$5="",Q22=""),"",IFERROR(INDEX('SIF DB'!R:R,_xlfn.AGGREGATE(15,6,ROW('SIF DB'!R$2:R$2575)/(('SIF DB'!G$2:G$2575=$C$5)*('SIF DB'!O$2:O$2575=Q22)),11-INDEX(_Helper!H:H,_xlfn.AGGREGATE(15,6,ROW(_Helper!A$2:A$581)/((_Helper!A$2:A$581=$C$5)*(_Helper!E$2:E$581=Q22)),1)))),""))}
A23: 12 | B23: 기계설비 | C23: =COUNTIF('SIF DB'!G:G,B23) -> 80 | D23: ='Dashboard 입력'!D19 -> 해당 | F23: 1 | G23: {=IF($C$5="","",IFERROR(IF(INDEX(_Helper!E$2:E$581,_xlfn.AGGREGATE(15,6,ROW(_Helper!A$2:A$581)-1/((_Helper!A$2:A$581=$C$5)*(_Helper!B$2:B$581=1)),1))="","",INDEX(_Helper!E$2:E$581,_xlfn.AGGREGATE(15,6,ROW(_Helper!A$2:A$581)-1/((_Helper!A$2:A$581=$C$5)*(_Helper!B$2:B$581=1)),1))&" ("&INDEX(_Helper!F$2:F$581,_xlfn.AGGREGATE(15,6,ROW(_Helper!A$2:A$581)-1/((_Helper!A$2:A$581=$C$5)*(_Helper!B$2:B$581=1)),1))&"건)"),""))} -> 떨어짐 (28건) | L23: 12 | M23: {=IF($C$5="","",IFERROR(INDEX(_Helper!E:E,_xlfn.AGGREGATE(15,6,ROW(_Helper!A$2:A$581)/((_Helper!A$2:A$581=$C$5)*(_Helper!H$2:H$581<12)*(_Helper!H$2:H$581+_Helper!I$2:I$581>=12)),1)),""))} | N23: {=IF(OR($C$5="",M23=""),"",IFERROR(INDEX('SIF DB'!P:P,_xlfn.AGGREGATE(15,6,ROW('SIF DB'!P$2:P$2575)/(('SIF DB'!G$2:G$2575=$C$5)*('SIF DB'!O$2:O$2575=M23)),12-INDEX(_Helper!H:H,_xlfn.AGGREGATE(15,6,ROW(_Helper!A$2:A$581)/((_Helper!A$2:A$581=$C$5)*(_Helper!E$2:E$581=M23)),1)))),""))} | P23: 12 | Q23: {=IF($C$5="","",IFERROR(INDEX(_Helper!E:E,_xlfn.AGGREGATE(15,6,ROW(_Helper!A$2:A$581)/((_Helper!A$2:A$581=$C$5)*(_Helper!H$2:H$581<12)*(_Helper!H$2:H$581+_Helper!I$2:I$581>=12)),1)),""))} | R23: {=IF(OR($C$5="",Q23=""),"",IFERROR(INDEX('SIF DB'!R:R,_xlfn.AGGREGATE(15,6,ROW('SIF DB'!R$2:R$2575)/(('SIF DB'!G$2:G$2575=$C$5)*('SIF DB'!O$2:O$2575=Q23)),12-INDEX(_Helper!H:H,_xlfn.AGGREGATE(15,6,ROW(_Helper!A$2:A$581)/((_Helper!A$2:A$581=$C$5)*(_Helper!E$2:E$581=Q23)),1)))),""))}
A24: 13 | B24: 트럭 | C24: =COUNTIF('SIF DB'!G:G,B24) -> 76 | D24: ='Dashboard 입력'!D20 -> 미해당 | F24: 2 | G24: {=IF($C$5="","",IFERROR(IF(INDEX(_Helper!E$2:E$581,_xlfn.AGGREGATE(15,6,ROW(_Helper!A$2:A$581)-1/((_Helper!A$2:A$581=$C$5)*(_Helper!B$2:B$581=2)),1))="","",INDEX(_Helper!E$2:E$581,_xlfn.AGGREGATE(15,6,ROW(_Helper!A$2:A$581)-1/((_Helper!A$2:A$581=$C$5)*(_Helper!B$2:B$581=2)),1))&" ("&INDEX(_Helper!F$2:F$581,_xlfn.AGGREGATE(15,6,ROW(_Helper!A$2:A$581)-1/((_Helper!A$2:A$581=$C$5)*(_Helper!B$2:B$581=2)),1))&"건)"),""))} -> 부딪힘 접촉 (2건) | L24: 13 | M24: {=IF($C$5="","",IFERROR(INDEX(_Helper!E:E,_xlfn.AGGREGATE(15,6,ROW(_Helper!A$2:A$581)/((_Helper!A$2:A$581=$C$5)*(_Helper!H$2:H$581<13)*(_Helper!H$2:H$581+_Helper!I$2:I$581>=13)),1)),""))} | N24: {=IF(OR($C$5="",M24=""),"",IFERROR(INDEX('SIF DB'!P:P,_xlfn.AGGREGATE(15,6,ROW('SIF DB'!P$2:P$2575)/(('SIF DB'!G$2:G$2575=$C$5)*('SIF DB'!O$2:O$2575=M24)),13-INDEX(_Helper!H:H,_xlfn.AGGREGATE(15,6,ROW(_Helper!A$2:A$581)/((_Helper!A$2:A$581=$C$5)*(_Helper!E$2:E$581=M24)),1)))),""))} | P24: 13 | Q24: {=IF($C$5="","",IFERROR(INDEX(_Helper!E:E,_xlfn.AGGREGATE(15,6,ROW(_Helper!A$2:A$581)/((_Helper!A$2:A$581=$C$5)*(_Helper!H$2:H$581<13)*(_Helper!H$2:H$581+_Helper!I$2:I$581>=13)),1)),""))} | R24: {=IF(OR($C$5="",Q24=""),"",IFERROR(INDEX('SIF DB'!R:R,_xlfn.AGGREGATE(15,6,ROW('SIF DB'!R$2:R$2575)/(('SIF DB'!G$2:G$2575=$C$5)*('SIF DB'!O$2:O$2575=Q24)),13-INDEX(_Helper!H:H,_xlfn.AGGREGATE(15,6,ROW(_Helper!A$2:A$581)/((_Helper!A$2:A$581=$C$5)*(_Helper!E$2:E$581=Q24)),1)))),""))}
A25: 14 | B25: 달비계 | C25: =COUNTIF('SIF DB'!G:G,B25) -> 70 | D25: ='Dashboard 입력'!D21 -> 미해당 | F25: 3 | G25: {=IF($C$5="","",IFERROR(IF(INDEX(_Helper!E$2:E$581,_xlfn.AGGREGATE(15,6,ROW(_Helper!A$2:A$581)-1/((_Helper!A$2:A$581=$C$5)*(_Helper!B$2:B$581=3)),1))="","",INDEX(_Helper!E$2:E$581,_xlfn.AGGREGATE(15,6,ROW(_Helper!A$2:A$581)-1/((_Helper!A$2:A$581=$C$5)*(_Helper!B$2:B$581=3)),1))&" ("&INDEX(_Helper!F$2:F$581,_xlfn.AGGREGATE(15,6,ROW(_Helper!A$2:A$581)-1/((_Helper!A$2:A$581=$C$5)*(_Helper!B$2:B$581=3)),1))&"건)"),""))} -> 깔림 뒤집힘 (1건) | L25: 14 | M25: {=IF($C$5="","",IFERROR(INDEX(_Helper!E:E,_xlfn.AGGREGATE(15,6,ROW(_Helper!A$2:A$581)/((_Helper!A$2:A$581=$C$5)*(_Helper!H$2:H$581<14)*(_Helper!H$2:H$581+_Helper!I$2:I$581>=14)),1)),""))} | N25: {=IF(OR($C$5="",M25=""),"",IFERROR(INDEX('SIF DB'!P:P,_xlfn.AGGREGATE(15,6,ROW('SIF DB'!P$2:P$2575)/(('SIF DB'!G$2:G$2575=$C$5)*('SIF DB'!O$2:O$2575=M25)),14-INDEX(_Helper!H:H,_xlfn.AGGREGATE(15,6,ROW(_Helper!A$2:A$581)/((_Helper!A$2:A$581=$C$5)*(_Helper!E$2:E$581=M25)),1)))),""))} | P25: 14 | Q25: {=IF($C$5="","",IFERROR(INDEX(_Helper!E:E,_xlfn.AGGREGATE(15,6,ROW(_Helper!A$2:A$581)/((_Helper!A$2:A$581=$C$5)*(_Helper!H$2:H$581<14)*(_Helper!H$2:H$581+_Helper!I$2:I$581>=14)),1)),""))} | R25: {=IF(OR($C$5="",Q25=""),"",IFERROR(INDEX('SIF DB'!R:R,_xlfn.AGGREGATE(15,6,ROW('SIF DB'!R$2:R$2575)/(('SIF DB'!G$2:G$2575=$C$5)*('SIF DB'!O$2:O$2575=Q25)),14-INDEX(_Helper!H:H,_xlfn.AGGREGATE(15,6,ROW(_Helper!A$2:A$581)/((_Helper!A$2:A$581=$C$5)*(_Helper!E$2:E$581=Q25)),1)))),""))}
A26: 15 | B26: 이동식비계 | C26: =COUNTIF('SIF DB'!G:G,B26) -> 70 | D26: ='Dashboard 입력'!D22 -> 해당 | F26: 4 | G26: {=IF($C$5="","",IFERROR(IF(INDEX(_Helper!E$2:E$581,_xlfn.AGGREGATE(15,6,ROW(_Helper!A$2:A$581)-1/((_Helper!A$2:A$581=$C$5)*(_Helper!B$2:B$581=4)),1))="","",INDEX(_Helper!E$2:E$581,_xlfn.AGGREGATE(15,6,ROW(_Helper!A$2:A$581)-1/((_Helper!A$2:A$581=$C$5)*(_Helper!B$2:B$581=4)),1))&" ("&INDEX(_Helper!F$2:F$581,_xlfn.AGGREGATE(15,6,ROW(_Helper!A$2:A$581)-1/((_Helper!A$2:A$581=$C$5)*(_Helper!B$2:B$581=4)),1))&"건)"),""))} -> 넘어짐 (1건) | L26: 15 | M26: {=IF($C$5="","",IFERROR(INDEX(_Helper!E:E,_xlfn.AGGREGATE(15,6,ROW(_Helper!A$2:A$581)/((_Helper!A$2:A$581=$C$5)*(_Helper!H$2:H$581<15)*(_Helper!H$2:H$581+_Helper!I$2:I$581>=15)),1)),""))} | N26: {=IF(OR($C$5="",M26=""),"",IFERROR(INDEX('SIF DB'!P:P,_xlfn.AGGREGATE(15,6,ROW('SIF DB'!P$2:P$2575)/(('SIF DB'!G$2:G$2575=$C$5)*('SIF DB'!O$2:O$2575=M26)),15-INDEX(_Helper!H:H,_xlfn.AGGREGATE(15,6,ROW(_Helper!A$2:A$581)/((_Helper!A$2:A$581=$C$5)*(_Helper!E$2:E$581=M26)),1)))),""))} | P26: 15 | Q26: {=IF($C$5="","",IFERROR(INDEX(_Helper!E:E,_xlfn.AGGREGATE(15,6,ROW(_Helper!A$2:A$581)/((_Helper!A$2:A$581=$C$5)*(_Helper!H$2:H$581<15)*(_Helper!H$2:H$581+_Helper!I$2:I$581>=15)),1)),""))} | R26: {=IF(OR($C$5="",Q26=""),"",IFERROR(INDEX('SIF DB'!R:R,_xlfn.AGGREGATE(15,6,ROW('SIF DB'!R$2:R$2575)/(('SIF DB'!G$2:G$2575=$C$5)*('SIF DB'!O$2:O$2575=Q26)),15-INDEX(_Helper!H:H,_xlfn.AGGREGATE(15,6,ROW(_Helper!A$2:A$581)/((_Helper!A$2:A$581=$C$5)*(_Helper!E$2:E$581=Q26)),1)))),""))}
A27: 16 | B27: 충전부 | C27: =COUNTIF('SIF DB'!G:G,B27) -> 69 | D27: ='Dashboard 입력'!D23 -> 미해당 | F27: 5 | G27: {=IF($C$5="","",IFERROR(IF(INDEX(_Helper!E$2:E$581,_xlfn.AGGREGATE(15,6,ROW(_Helper!A$2:A$581)-1/((_Helper!A$2:A$581=$C$5)*(_Helper!B$2:B$581=5)),1))="","",INDEX(_Helper!E$2:E$581,_xlfn.AGGREGATE(15,6,ROW(_Helper!A$2:A$581)-1/((_Helper!A$2:A$581=$C$5)*(_Helper!B$2:B$581=5)),1))&" ("&INDEX(_Helper!F$2:F$581,_xlfn.AGGREGATE(15,6,ROW(_Helper!A$2:A$581)-1/((_Helper!A$2:A$581=$C$5)*(_Helper!B$2:B$581=5)),1))&"건)"),""))} | L27: 16 | M27: {=IF($C$5="","",IFERROR(INDEX(_Helper!E:E,_xlfn.AGGREGATE(15,6,ROW(_Helper!A$2:A$581)/((_Helper!A$2:A$581=$C$5)*(_Helper!H$2:H$581<16)*(_Helper!H$2:H$581+_Helper!I$2:I$581>=16)),1)),""))} | N27: {=IF(OR($C$5="",M27=""),"",IFERROR(INDEX('SIF DB'!P:P,_xlfn.AGGREGATE(15,6,ROW('SIF DB'!P$2:P$2575)/(('SIF DB'!G$2:G$2575=$C$5)*('SIF DB'!O$2:O$2575=M27)),16-INDEX(_Helper!H:H,_xlfn.AGGREGATE(15,6,ROW(_Helper!A$2:A$581)/((_Helper!A$2:A$581=$C$5)*(_Helper!E$2:E$581=M27)),1)))),""))} | P27: 16 | Q27: {=IF($C$5="","",IFERROR(INDEX(_Helper!E:E,_xlfn.AGGREGATE(15,6,ROW(_Helper!A$2:A$581)/((_Helper!A$2:A$581=$C$5)*(_Helper!H$2:H$581<16)*(_Helper!H$2:H$581+_Helper!I$2:I$581>=16)),1)),""))} | R27: {=IF(OR($C$5="",Q27=""),"",IFERROR(INDEX('SIF DB'!R:R,_xlfn.AGGREGATE(15,6,ROW('SIF DB'!R$2:R$2575)/(('SIF DB'!G$2:G$2575=$C$5)*('SIF DB'!O$2:O$2575=Q27)),16-INDEX(_Helper!H:H,_xlfn.AGGREGATE(15,6,ROW(_Helper!A$2:A$581)/((_Helper!A$2:A$581=$C$5)*(_Helper!E$2:E$581=Q27)),1)))),""))}
A28: 17 | B28: 개구부(기타개구부) | C28: =COUNTIF('SIF DB'!G:G,B28) -> 67 | D28: ='Dashboard 입력'!D24 -> 미해당 | F28: 6 | G28: {=IF($C$5="","",IFERROR(IF(INDEX(_Helper!E$2:E$581,_xlfn.AGGREGATE(15,6,ROW(_Helper!A$2:A$581)-1/((_Helper!A$2:A$581=$C$5)*(_Helper!B$2:B$581=6)),1))="","",INDEX(_Helper!E$2:E$581,_xlfn.AGGREGATE(15,6,ROW(_Helper!A$2:A$581)-1/((_Helper!A$2:A$581=$C$5)*(_Helper!B$2:B$581=6)),1))&" ("&INDEX(_Helper!F$2:F$581,_xlfn.AGGREGATE(15,6,ROW(_Helper!A$2:A$581)-1/((_Helper!A$2:A$581=$C$5)*(_Helper!B$2:B$581=6)),1))&"건)"),""))} | L28: 17 | M28: {=IF($C$5="","",IFERROR(INDEX(_Helper!E:E,_xlfn.AGGREGATE(15,6,ROW(_Helper!A$2:A$581)/((_Helper!A$2:A$581=$C$5)*(_Helper!H$2:H$581<17)*(_Helper!H$2:H$581+_Helper!I$2:I$581>=17)),1)),""))} | N28: {=IF(OR($C$5="",M28=""),"",IFERROR(INDEX('SIF DB'!P:P,_xlfn.AGGREGATE(15,6,ROW('SIF DB'!P$2:P$2575)/(('SIF DB'!G$2:G$2575=$C$5)*('SIF DB'!O$2:O$2575=M28)),17-INDEX(_Helper!H:H,_xlfn.AGGREGATE(15,6,ROW(_Helper!A$2:A$581)/((_Helper!A$2:A$581=$C$5)*(_Helper!E$2:E$581=M28)),1)))),""))} | P28: 17 | Q28: {=IF($C$5="","",IFERROR(INDEX(_Helper!E:E,_xlfn.AGGREGATE(15,6,ROW(_Helper!A$2:A$581)/((_Helper!A$2:A$581=$C$5)*(_Helper!H$2:H$581<17)*(_Helper!H$2:H$581+_Helper!I$2:I$581>=17)),1)),""))} | R28: {=IF(OR($C$5="",Q28=""),"",IFERROR(INDEX('SIF DB'!R:R,_xlfn.AGGREGATE(15,6,ROW('SIF DB'!R$2:R$2575)/(('SIF DB'!G$2:G$2575=$C$5)*('SIF DB'!O$2:O$2575=Q28)),17-INDEX(_Helper!H:H,_xlfn.AGGREGATE(15,6,ROW(_Helper!A$2:A$581)/((_Helper!A$2:A$581=$C$5)*(_Helper!E$2:E$581=Q28)),1)))),""))}
A29: 18 | B29: 토사 | C29: =COUNTIF('SIF DB'!G:G,B29) -> 65 | D29: ='Dashboard 입력'!D25 -> 해당 | F29: 7 | G29: {=IF($C$5="","",IFERROR(IF(INDEX(_Helper!E$2:E$581,_xlfn.AGGREGATE(15,6,ROW(_Helper!A$2:A$581)-1/((_Helper!A$2:A$581=$C$5)*(_Helper!B$2:B$581=7)),1))="","",INDEX(_Helper!E$2:E$581,_xlfn.AGGREGATE(15,6,ROW(_Helper!A$2:A$581)-1/((_Helper!A$2:A$581=$C$5)*(_Helper!B$2:B$581=7)),1))&" ("&INDEX(_Helper!F$2:F$581,_xlfn.AGGREGATE(15,6,ROW(_Helper!A$2:A$581)-1/((_Helper!A$2:A$581=$C$5)*(_Helper!B$2:B$581=7)),1))&"건)"),""))} | L29: 18 | M29: {=IF($C$5="","",IFERROR(INDEX(_Helper!E:E,_xlfn.AGGREGATE(15,6,ROW(_Helper!A$2:A$581)/((_Helper!A$2:A$581=$C$5)*(_Helper!H$2:H$581<18)*(_Helper!H$2:H$581+_Helper!I$2:I$581>=18)),1)),""))} | N29: {=IF(OR($C$5="",M29=""),"",IFERROR(INDEX('SIF DB'!P:P,_xlfn.AGGREGATE(15,6,ROW('SIF DB'!P$2:P$2575)/(('SIF DB'!G$2:G$2575=$C$5)*('SIF DB'!O$2:O$2575=M29)),18-INDEX(_Helper!H:H,_xlfn.AGGREGATE(15,6,ROW(_Helper!A$2:A$581)/((_Helper!A$2:A$581=$C$5)*(_Helper!E$2:E$581=M29)),1)))),""))} | P29: 18 | Q29: {=IF($C$5="","",IFERROR(INDEX(_Helper!E:E,_xlfn.AGGREGATE(15,6,ROW(_Helper!A$2:A$581)/((_Helper!A$2:A$581=$C$5)*(_Helper!H$2:H$581<18)*(_Helper!H$2:H$581+_Helper!I$2:I$581>=18)),1)),""))} | R29: {=IF(OR($C$5="",Q29=""),"",IFERROR(INDEX('SIF DB'!R:R,_xlfn.AGGREGATE(15,6,ROW('SIF DB'!R$2:R$2575)/(('SIF DB'!G$2:G$2575=$C$5)*('SIF DB'!O$2:O$2575=Q29)),18-INDEX(_Helper!H:H,_xlfn.AGGREGATE(15,6,ROW(_Helper!A$2:A$581)/((_Helper!A$2:A$581=$C$5)*(_Helper!E$2:E$581=Q29)),1)))),""))}
A30: 19 | B30: 기타자재(내부마감재,시멘트,마대) | C30: =COUNTIF('SIF DB'!G:G,B30) -> 63 | D30: ='Dashboard 입력'!D26 -> 해당 | F30: 8 | G30: {=IF($C$5="","",IFERROR(IF(INDEX(_Helper!E$2:E$581,_xlfn.AGGREGATE(15,6,ROW(_Helper!A$2:A$581)-1/((_Helper!A$2:A$581=$C$5)*(_Helper!B$2:B$581=8)),1))="","",INDEX(_Helper!E$2:E$581,_xlfn.AGGREGATE(15,6,ROW(_Helper!A$2:A$581)-1/((_Helper!A$2:A$581=$C$5)*(_Helper!B$2:B$581=8)),1))&" ("&INDEX(_Helper!F$2:F$581,_xlfn.AGGREGATE(15,6,ROW(_Helper!A$2:A$581)-1/((_Helper!A$2:A$581=$C$5)*(_Helper!B$2:B$581=8)),1))&"건)"),""))} | L30: 19 | M30: {=IF($C$5="","",IFERROR(INDEX(_Helper!E:E,_xlfn.AGGREGATE(15,6,ROW(_Helper!A$2:A$581)/((_Helper!A$2:A$581=$C$5)*(_Helper!H$2:H$581<19)*(_Helper!H$2:H$581+_Helper!I$2:I$581>=19)),1)),""))} | N30: {=IF(OR($C$5="",M30=""),"",IFERROR(INDEX('SIF DB'!P:P,_xlfn.AGGREGATE(15,6,ROW('SIF DB'!P$2:P$2575)/(('SIF DB'!G$2:G$2575=$C$5)*('SIF DB'!O$2:O$2575=M30)),19-INDEX(_Helper!H:H,_xlfn.AGGREGATE(15,6,ROW(_Helper!A$2:A$581)/((_Helper!A$2:A$581=$C$5)*(_Helper!E$2:E$581=M30)),1)))),""))} | P30: 19 | Q30: {=IF($C$5="","",IFERROR(INDEX(_Helper!E:E,_xlfn.AGGREGATE(15,6,ROW(_Helper!A$2:A$581)/((_Helper!A$2:A$581=$C$5)*(_Helper!H$2:H$581<19)*(_Helper!H$2:H$581+_Helper!I$2:I$581>=19)),1)),""))} | R30: {=IF(OR($C$5="",Q30=""),"",IFERROR(INDEX('SIF DB'!R:R,_xlfn.AGGREGATE(15,6,ROW('SIF DB'!R$2:R$2575)/(('SIF DB'!G$2:G$2575=$C$5)*('SIF DB'!O$2:O$2575=Q30)),19-INDEX(_Helper!H:H,_xlfn.AGGREGATE(15,6,ROW(_Helper!A$2:A$581)/((_Helper!A$2:A$581=$C$5)*(_Helper!E$2:E$581=Q30)),1)))),""))}
A31: 20 | B31: 이동식크레인 | C31: =COUNTIF('SIF DB'!G:G,B31) -> 61 | D31: ='Dashboard 입력'!D27 -> 해당 | F31: 9 | G31: {=IF($C$5="","",IFERROR(IF(INDEX(_Helper!E$2:E$581,_xlfn.AGGREGATE(15,6,ROW(_Helper!A$2:A$581)-1/((_Helper!A$2:A$581=$C$5)*(_Helper!B$2:B$581=9)),1))="","",INDEX(_Helper!E$2:E$581,_xlfn.AGGREGATE(15,6,ROW(_Helper!A$2:A$581)-1/((_Helper!A$2:A$581=$C$5)*(_Helper!B$2:B$581=9)),1))&" ("&INDEX(_Helper!F$2:F$581,_xlfn.AGGREGATE(15,6,ROW(_Helper!A$2:A$581)-1/((_Helper!A$2:A$581=$C$5)*(_Helper!B$2:B$581=9)),1))&"건)"),""))} | L31: 20 | M31: {=IF($C$5="","",IFERROR(INDEX(_Helper!E:E,_xlfn.AGGREGATE(15,6,ROW(_Helper!A$2:A$581)/((_Helper!A$2:A$581=$C$5)*(_Helper!H$2:H$581<20)*(_Helper!H$2:H$581+_Helper!I$2:I$581>=20)),1)),""))} | N31: {=IF(OR($C$5="",M31=""),"",IFERROR(INDEX('SIF DB'!P:P,_xlfn.AGGREGATE(15,6,ROW('SIF DB'!P$2:P$2575)/(('SIF DB'!G$2:G$2575=$C$5)*('SIF DB'!O$2:O$2575=M31)),20-INDEX(_Helper!H:H,_xlfn.AGGREGATE(15,6,ROW(_Helper!A$2:A$581)/((_Helper!A$2:A$581=$C$5)*(_Helper!E$2:E$581=M31)),1)))),""))} | P31: 20 | Q31: {=IF($C$5="","",IFERROR(INDEX(_Helper!E:E,_xlfn.AGGREGATE(15,6,ROW(_Helper!A$2:A$581)/((_Helper!A$2:A$581=$C$5)*(_Helper!H$2:H$581<20)*(_Helper!H$2:H$581+_Helper!I$2:I$581>=20)),1)),""))} | R31: {=IF(OR($C$5="",Q31=""),"",IFERROR(INDEX('SIF DB'!R:R,_xlfn.AGGREGATE(15,6,ROW('SIF DB'!R$2:R$2575)/(('SIF DB'!G$2:G$2575=$C$5)*('SIF DB'!O$2:O$2575=Q31)),20-INDEX(_Helper!H:H,_xlfn.AGGREGATE(15,6,ROW(_Helper!A$2:A$581)/((_Helper!A$2:A$581=$C$5)*(_Helper!E$2:E$581=Q31)),1)))),""))}
A32: 21 | B32: 화학물질 | C32: =COUNTIF('SIF DB'!G:G,B32) -> 50 | D32: ='Dashboard 입력'!D28 -> 미해당 | F32: 10 | G32: {=IF($C$5="","",IFERROR(IF(INDEX(_Helper!E$2:E$581,_xlfn.AGGREGATE(15,6,ROW(_Helper!A$2:A$581)-1/((_Helper!A$2:A$581=$C$5)*(_Helper!B$2:B$581=10)),1))="","",INDEX(_Helper!E$2:E$581,_xlfn.AGGREGATE(15,6,ROW(_Helper!A$2:A$581)-1/((_Helper!A$2:A$581=$C$5)*(_Helper!B$2:B$581=10)),1))&" ("&INDEX(_Helper!F$2:F$581,_xlfn.AGGREGATE(15,6,ROW(_Helper!A$2:A$581)-1/((_Helper!A$2:A$581=$C$5)*(_Helper!B$2:B$581=10)),1))&"건)"),""))} | P32: 💡 MECE: 관리적 대책 / 기술적 대책 / 개인보호구 관점으로 분류하여 빠짐없이 적용하세요.
A33: 22 | B33: 기타구조물 | C33: =COUNTIF('SIF DB'!G:G,B33) -> 47 | D33: ='Dashboard 입력'!D29 -> 미해당
A34: 23 | B34: 각재(파이프,강관,합판) | C34: =COUNTIF('SIF DB'!G:G,B34) -> 39 | D34: ='Dashboard 입력'!D30 -> 미해당
A35: 24 | B35: 철골(철골자재) | C35: =COUNTIF('SIF DB'!G:G,B35) -> 38 | D35: ='Dashboard 입력'!D31 -> 해당
A36: 25 | B36: 벽체 | C36: =COUNTIF('SIF DB'!G:G,B36) -> 38 | D36: ='Dashboard 입력'!D32 -> 해당
A37: 26 | B37: 기타건설장비 | C37: =COUNTIF('SIF DB'!G:G,B37) -> 32 | D37: ='Dashboard 입력'!D33 -> 해당
A38: 27 | B38: 고정식크레인 | C38: =COUNTIF('SIF DB'!G:G,B38) -> 32 | D38: ='Dashboard 입력'!D34 -> 미해당
A39: 28 | B39: 계단 | C39: =COUNTIF('SIF DB'!G:G,B39) -> 32 | D39: ='Dashboard 입력'!D35 -> 해당
A40: 29 | B40: 전주 | C40: =COUNTIF('SIF DB'!G:G,B40) -> 32 | D40: ='Dashboard 입력'!D36 -> 미해당
A41: 30 | B41: 철근콘크리트자재(철근,콘크리트,PC) | C41: =COUNTIF('SIF DB'!G:G,B41) -> 31 | D41: ='Dashboard 입력'!D37 -> 미해당
A42: 31 | B42: 천공기/항타기 | C42: =COUNTIF('SIF DB'!G:G,B42) -> 30 | D42: ='Dashboard 입력'!D38 -> 해당
A43: 32 | B43: 흙막이가시설 | C43: =COUNTIF('SIF DB'!G:G,B43) -> 30 | D43: ='Dashboard 입력'!D39 -> 미해당
A44: 33 | B44: 수목 | C44: =COUNTIF('SIF DB'!G:G,B44) -> 25 | D44: ='Dashboard 입력'!D40 -> 미해당
... A69: 58 | B69: 기타건설기계기구 | C69: =COUNTIF('SIF DB'!G:G,B69) -> 3 | D69: ='Dashboard 입력'!D65 -> 미해당
I71: 사용공정 | J71: 건수 | L71: 재해형태 | N71: 건수
I72: {=IFERROR(INDEX(_Helper!C$2:C$581,_xlfn.AGGREGATE(15,6,ROW(_Helper!A$2:A$581)-1/((_Helper!A$2:A$581=$C$5)*(_Helper!B$2:B$581=1)),1)),"")} -> 4.1 조적, 미장 및 견출작업 | J72: {=IFERROR(INDEX(_Helper!D$2:D$581,_xlfn.AGGREGATE(15,6,ROW(_Helper!A$2:A$581)-1/((_Helper!A$2:A$581=$C$5)*(_Helper!B$2:B$581=1)),1)),0)} -> 6 | L72: {=IFERROR(INDEX(_Helper!E$2:E$581,_xlfn.AGGREGATE(15,6,ROW(_Helper!A$2:A$581)-1/((_Helper!A$2:A$581=$C$5)*(_Helper!B$2:B$581=1)),1)),"")} -> 떨어짐 | N72: {=IFERROR(INDEX(_Helper!F$2:F$581,_xlfn.AGGREGATE(15,6,ROW(_Helper!A$2:A$581)-1/((_Helper!A$2:A$581=$C$5)*(_Helper!B$2:B$581=1)),1)),0)} -> 28
I73: {=IFERROR(INDEX(_Helper!C$2:C$581,_xlfn.AGGREGATE(15,6,ROW(_Helper!A$2:A$581)-1/((_Helper!A$2:A$581=$C$5)*(_Helper!B$2:B$581=2)),1)),"")} -> 4.3 석재 및 타일 작업 | J73: {=IFERROR(INDEX(_Helper!D$2:D$581,_xlfn.AGGREGATE(15,6,ROW(_Helper!A$2:A$581)-1/((_Helper!A$2:A$581=$C$5)*(_Helper!B$2:B$581=2)),1)),0)} -> 6 | L73: {=IFERROR(INDEX(_Helper!E$2:E$581,_xlfn.AGGREGATE(15,6,ROW(_Helper!A$2:A$581)-1/((_Helper!A$2:A$581=$C$5)*(_Helper!B$2:B$581=2)),1)),"")} -> 부딪힘 접촉 | N73: {=IFERROR(INDEX(_Helper!F$2:F$581,_xlfn.AGGREGATE(15,6,ROW(_Helper!A$2:A$581)-1/((_Helper!A$2:A$581=$C$5)*(_Helper!B$2:B$581=2)),1)),0)} -> 2
I74: {=IFERROR(INDEX(_Helper!C$2:C$581,_xlfn.AGGREGATE(15,6,ROW(_Helper!A$2:A$581)-1/((_Helper!A$2:A$581=$C$5)*(_Helper!B$2:B$581=3)),1)),"")} -> 2.1 거푸집 작업 | J74: {=IFERROR(INDEX(_Helper!D$2:D$581,_xlfn.AGGREGATE(15,6,ROW(_Helper!A$2:A$581)-1/((_Helper!A$2:A$581=$C$5)*(_Helper!B$2:B$581=3)),1)),0)} -> 4 | L74: {=IFERROR(INDEX(_Helper!E$2:E$581,_xlfn.AGGREGATE(15,6,ROW(_Helper!A$2:A$581)-1/((_Helper!A$2:A$581=$C$5)*(_Helper!B$2:B$581=3)),1)),"")} -> 깔림 뒤집힘 | N74: {=IFERROR(INDEX(_Helper!F$2:F$581,_xlfn.AGGREGATE(15,6,ROW(_Helper!A$2:A$581)-1/((_Helper!A$2:A$581=$C$5)*(_Helper!B$2:B$581=3)),1)),0)} -> 1
I75: {=IFERROR(INDEX(_Helper!C$2:C$581,_xlfn.AGGREGATE(15,6,ROW(_Helper!A$2:A$581)-1/((_Helper!A$2:A$581=$C$5)*(_Helper!B$2:B$581=4)),1)),"")} -> 3.1 철골 작업 | J75: {=IFERROR(INDEX(_Helper!D$2:D$581,_xlfn.AGGREGATE(15,6,ROW(_Helper!A$2:A$581)-1/((_Helper!A$2:A$581=$C$5)*(_Helper!B$2:B$581=4)),1)),0)} -> 3 | L75: {=IFERROR(INDEX(_Helper!E$2:E$581,_xlfn.AGGREGATE(15,6,ROW(_Helper!A$2:A$581)-1/((_Helper!A$2:A$581=$C$5)*(_Helper!B$2:B$581=4)),1)),"")} -> 넘어짐 | N75: {=IFERROR(INDEX(_Helper!F$2:F$581,_xlfn.AGGREGATE(15,6,ROW(_Helper!A$2:A$581)-1/((_Helper!A$2:A$581=$C$5)*(_Helper!B$2:B$581=4)),1)),0)} -> 1
I76: {=IFERROR(INDEX(_Helper!C$2:C$581,_xlfn.AGGREGATE(15,6,ROW(_Helper!A$2:A$581)-1/((_Helper!A$2:A$581=$C$5)*(_Helper!B$2:B$581=5)),1)),"")} -> 12.7 기타(작업환경, 청소 등) | J76: {=IFERROR(INDEX(_Helper!D$2:D$581,_xlfn.AGGREGATE(15,6,ROW(_Helper!A$2:A$581)-1/((_Helper!A$2:A$581=$C$5)*(_Helper!B$2:B$581=5)),1)),0)} -> 2 | L76: {=IFERROR(INDEX(_Helper!E$2:E$581,_xlfn.AGGREGATE(15,6,ROW(_Helper!A$2:A$581)-1/((_Helper!A$2:A$581=$C$5)*(_Helper!B$2:B$581=5)),1)),"")} -> 0 | N76: {=IFERROR(INDEX(_Helper!F$2:F$581,_xlfn.AGGREGATE(15,6,ROW(_Helper!A$2:A$581)-1/((_Helper!A$2:A$581=$C$5)*(_Helper!B$2:B$581=5)),1)),0)} -> 0
I77: {=IFERROR(INDEX(_Helper!C$2:C$581,_xlfn.AGGREGATE(15,6,ROW(_Helper!A$2:A$581)-1/((_Helper!A$2:A$581=$C$5)*(_Helper!B$2:B$581=6)),1)),"")} -> 4.4 도장작업 | J77: {=IFERROR(INDEX(_Helper!D$2:D$581,_xlfn.AGGREGATE(15,6,ROW(_Helper!A$2:A$581)-1/((_Helper!A$2:A$581=$C$5)*(_Helper!B$2:B$581=6)),1)),0)} -> 2 | L77: {=IFERROR(INDEX(_Helper!E$2:E$581,_xlfn.AGGREGATE(15,6,ROW(_Helper!A$2:A$581)-1/((_Helper!A$2:A$581=$C$5)*(_Helper!B$2:B$581=6)),1)),"")} -> 0 | N77: {=IFERROR(INDEX(_Helper!F$2:F$581,_xlfn.AGGREGATE(15,6,ROW(_Helper!A$2:A$581)-1/((_Helper!A$2:A$581=$C$5)*(_Helper!B$2:B$581=6)),1)),0)} -> 0
I78: {=IFERROR(INDEX(_Helper!C$2:C$581,_xlfn.AGGREGATE(15,6,ROW(_Helper!A$2:A$581)-1/((_Helper!A$2:A$581=$C$5)*(_Helper!B$2:B$581=7)),1)),"")} -> 5.2 기계설비 작업 | J78: {=IFERROR(INDEX(_Helper!D$2:D$581,_xlfn.AGGREGATE(15,6,ROW(_Helper!A$2:A$581)-1/((_Helper!A$2:A$581=$C$5)*(_Helper!B$2:B$581=7)),1)),0)} -> 2 | L78: {=IFERROR(INDEX(_Helper!E$2:E$581,_xlfn.AGGREGATE(15,6,ROW(_Helper!A$2:A$581)-1/((_Helper!A$2:A$581=$C$5)*(_Helper!B$2:B$581=7)),1)),"")} -> 0 | N78: {=IFERROR(INDEX(_Helper!F$2:F$581,_xlfn.AGGREGATE(15,6,ROW(_Helper!A$2:A$581)-1/((_Helper!A$2:A$581=$C$5)*(_Helper!B$2:B$581=7)),1)),0)} -> 0
I79: {=IFERROR(INDEX(_Helper!C$2:C$581,_xlfn.AGGREGATE(15,6,ROW(_Helper!A$2:A$581)-1/((_Helper!A$2:A$581=$C$5)*(_Helper!B$2:B$581=8)),1)),"")} -> 2.3 철근 작업 | J79: {=IFERROR(INDEX(_Helper!D$2:D$581,_xlfn.AGGREGATE(15,6,ROW(_Helper!A$2:A$581)-1/((_Helper!A$2:A$581=$C$5)*(_Helper!B$2:B$581=8)),1)),0)} -> 1 | L79: {=IFERROR(INDEX(_Helper!E$2:E$581,_xlfn.AGGREGATE(15,6,ROW(_Helper!A$2:A$581)-1/((_Helper!A$2:A$581=$C$5)*(_Helper!B$2:B$581=8)),1)),"")} -> 0 | N79: {=IFERROR(INDEX(_Helper!F$2:F$581,_xlfn.AGGREGATE(15,6,ROW(_Helper!A$2:A$581)-1/((_Helper!A$2:A$581=$C$5)*(_Helper!B$2:B$581=8)),1)),0)} -> 0
I80: {=IFERROR(INDEX(_Helper!C$2:C$581,_xlfn.AGGREGATE(15,6,ROW(_Helper!A$2:A$581)-1/((_Helper!A$2:A$581=$C$5)*(_Helper!B$2:B$581=9)),1)),"")} -> 2.4 콘크리트 작업 | J80: {=IFERROR(INDEX(_Helper!D$2:D$581,_xlfn.AGGREGATE(15,6,ROW(_Helper!A$2:A$581)-1/((_Helper!A$2:A$581=$C$5)*(_Helper!B$2:B$581=9)),1)),0)} -> 1 | L80: {=IFERROR(INDEX(_Helper!E$2:E$581,_xlfn.AGGREGATE(15,6,ROW(_Helper!A$2:A$581)-1/((_Helper!A$2:A$581=$C$5)*(_Helper!B$2:B$581=9)),1)),"")} -> 0 | N80: {=IFERROR(INDEX(_Helper!F$2:F$581,_xlfn.AGGREGATE(15,6,ROW(_Helper!A$2:A$581)-1/((_Helper!A$2:A$581=$C$5)*(_Helper!B$2:B$581=9)),1)),0)} -> 0
I81: {=IFERROR(INDEX(_Helper!C$2:C$581,_xlfn.AGGREGATE(15,6,ROW(_Helper!A$2:A$581)-1/((_Helper!A$2:A$581=$C$5)*(_Helper!B$2:B$581=10)),1)),"")} -> 4.2 방수 작업 | J81: {=IFERROR(INDEX(_Helper!D$2:D$581,_xlfn.AGGREGATE(15,6,ROW(_Helper!A$2:A$581)-1/((_Helper!A$2:A$581=$C$5)*(_Helper!B$2:B$581=10)),1)),0)} -> 1 | L81: {=IFERROR(INDEX(_Helper!E$2:E$581,_xlfn.AGGREGATE(15,6,ROW(_Helper!A$2:A$581)-1/((_Helper!A$2:A$581=$C$5)*(_Helper!B$2:B$581=10)),1)),"")} -> 0 | N81: {=IFERROR(INDEX(_Helper!F$2:F$581,_xlfn.AGGREGATE(15,6,ROW(_Helper!A$2:A$581)-1/((_Helper!A$2:A$581=$C$5)*(_Helper!B$2:B$581=10)),1)),0)} -> 0

Sheet Table 1
A1: (승 인) 협 력 사 | B1: 담 당 | C1: 차 장 | D1: 부 장 | F1: 작 업 개 요 | I1: (확인 ) 남 동
A3: 구 분 | E3: 세 부 내 용
A4: 작 업 명 | E4: ='Dashboard 입력'!P9 -> 전기설비 점검 및 정비작업 | G4: 회사(부서)명 | H4: ='Dashboard 입력'!R8 -> 한국에너지 전기부
A5: 작업내용 | E5: ='Dashboard 입력'!P10 -> 전기실 내 배전반 교체 및 케이블 정비, 접지 점검 | G5: 작성일자 | H5: ='Dashboard 입력'!R9 -> 2025.03.14
A6: 작업 기간(시간) | E6: ='Dashboard 입력'!P11 -> 2025.03.15 09:00 ~ 18:00 | G6: 작성자 | H6: ='Dashboard 입력'!R10 -> 김안전, 이이경
A7: 작업 장소 | E7: ='Dashboard 입력'!P12 -> A동 전기실, B동 전기실 | G7: 평가 참여자 | H7: ='Dashboard 입력'!R11 -> 김가나1, 김가나2, 김가나3, 김가나4, 김가나5 등 총 23명
A8: 작업 분류 | E8: ='Dashboard 입력'!P13 -> ■ 일반작업 ■ 고소작업 ■ 굴착작업 ■ 중장비작업
A9: 필요한 자료명 | E9: ='Dashboard 입력'!#REF! -> #REF! | G9: 유사 재해, 아차사고사례 | H9: ='Dashboard 입력'!#REF! -> #REF!
A10: 중점관리사항 | E10: ='Dashboard 입력'!P14 -> 감전위험, 아크플래시, 케이블 노후
A11: 필요한 보호구명 | E11: ='Dashboard 입력'!R12 -> 절연장갑, 절연장화, 안전모, 보안경 | J11: ※ 유해·위험요인에 적합한 보호구를 확인 하세요. [보호구 착용법]
A12: 필요한 공기구명 | E12: ='Dashboard 입력'!R14 -> 스카이 등
A13: 투입 중장비명 | E13: ='Dashboard 입력'!R13 -> 이동식크레인, 기타건설장비, 천공기/항타기, 리프트, 지게차
A14: 작업단계 | E14: 작업내용 | F14: 작업내용 | I14: 기인물

Sheet Table 2
A1: 위 험 성 평 가 표
A3: 관리 번호 | B3: 작업(공정)단계 | C3: 유해위험 요인 | D3: 안전조치사항 | E3: 가능성 (빈도) | F3: 중대성 (강도) | G3: 위험성 | H3: 이행확인
A4: =IF('Dashboard 입력'!AB8="","",'Dashboard 입력'!AB8) -> 1-1 | B4: =IF('Dashboard 입력'!AC8="","",'Dashboard 입력'!AC8) -> 전원차단 | C4: =IF('Dashboard 입력'!AD8="","",'Dashboard 입력'!AD8) -> 차단기 오조작으로 감전 | D4: =IF('Dashboard 입력'!AE8="","",'Dashboard 입력'!AE8) -> LOTO 절차 준수, 검전기 확인 | E4: =IF('Dashboard 입력'!AI8="", "", 'Dashboard 입력'!AI8 & " (" & 'Dashboard 입력'!AF8 & ")") -> 2 (2) | F4: =IF('Dashboard 입력'!AJ8="", "", 'Dashboard 입력'!AJ8 & " (" & 'Dashboard 입력'!AG8 & ")") -> 1 (5) | G4: =IF(위험성평가_입력[[#This Row],[위험성]]="","", 위험성평가_입력[[#This Row],[위험성]] & " (" & 위험성평가_입력[[#This Row],[위험도(전)]] & ")") -> #VALUE!
A5: =IF('Dashboard 입력'!AB9="","",'Dashboard 입력'!AB9) -> 1-2 | B5: =IF('Dashboard 입력'!AC9="","",'Dashboard 입력'!AC9) -> 전원차단 | C5: =IF('Dashboard 입력'!AD9="","",'Dashboard 입력'!AD9) -> 아크플래시 발생 | D5: =IF('Dashboard 입력'!AE9="","",'Dashboard 입력'!AE9) -> 절연장갑 착용, 안면보호구 | E5: =IF('Dashboard 입력'!AI9="", "", 'Dashboard 입력'!AI9 & " (" & 'Dashboard 입력'!AF9 & ")") -> 1 (2) | F5: =IF('Dashboard 입력'!AJ9="", "", 'Dashboard 입력'!AJ9 & " (" & 'Dashboard 입력'!AG9 & ")") -> 3 (4) | G5: =IF(위험성평가_입력[[#This Row],[위험성]]="","", 위험성평가_입력[[#This Row],[위험성]] & " (" & 위험성평가_입력[[#This Row],[위험도(전)]] & ")") -> #VALUE!
A6: =IF('Dashboard 입력'!AB10="","",'Dashboard 입력'!AB10) -> 1-3 | B6: =IF('Dashboard 입력'!AC10="","",'Dashboard 입력'!AC10) -> 전원차단 | C6: =IF('Dashboard 입력'!AD10="","",'Dashboard 입력'!AD10) -> 잔류전압에 의한 감전 | D6: =IF('Dashboard 입력'!AE10="","",'Dashboard 입력'!AE10) -> 콘덴서 방전 후 작업 시작 | E6: =IF('Dashboard 입력'!AI10="", "", 'Dashboard 입력'!AI10 & " (" & 'Dashboard 입력'!AF10 & ")") -> 2 (3) | F6: =IF('Dashboard 입력'!AJ10="", "", 'Dashboard 입력'!AJ10 & " (" & 'Dashboard 입력'!AG10 & ")") -> 1 (5) | G6: =IF(위험성평가_입력[[#This Row],[위험성]]="","", 위험성평가_입력[[#This Row],[위험성]] & " (" & 위험성평가_입력[[#This Row],[위험도(전)]] & ")") -> #VALUE!
A7: =IF('Dashboard 입력'!AB11="","",'Dashboard 입력'!AB11) -> 2-1 | B7: =IF('Dashboard 입력'!AC11="","",'Dashboard 입력'!AC11) -> 배전반 해체 | C7: =IF('Dashboard 입력'!AD11="","",'Dashboard 입력'!AD11) -> 볼트 풀림 시 날카로운 모서리에 절상 | D7: =IF('Dashboard 입력'!AE11="","",'Dashboard 입력'!AE11) -> 절연장갑 및 안전장갑 착용 | E7: =IF('Dashboard 입력'!AI11="", "", 'Dashboard 입력'!AI11 & " (" & 'Dashboard 입력'!AF11 & ")") -> 1 (3) | F7: =IF('Dashboard 입력'!AJ11="", "", 'Dashboard 입력'!AJ11 & " (" & 'Dashboard 입력'!AG11 & ")") -> 3 (2) | G7: =IF(위험성평가_입력[[#This Row],[위험성]]="","", 위험성평가_입력[[#This Row],[위험성]] & " (" & 위험성평가_입력[[#This Row],[위험도(전)]] & ")") -> #VALUE!
A8: =IF('Dashboard 입력'!AB12="","",'Dashboard 입력'!AB12) -> 2-2 | B8: =IF('Dashboard 입력'!AC12="","",'Dashboard 입력'!AC12) -> 배전반 해체 | C8: =IF('Dashboard 입력'!AD12="","",'Dashboard 입력'!AD12) -> 배전반 넘어짐으로 충돌 | D8: =IF('Dashboard 입력'!AE12="","",'Dashboard 입력'!AE12) -> 작업반경 정리정돈, 바닥 전선 정리 | E8: =IF('Dashboard 입력'!AI12="", "", 'Dashboard 입력'!AI12 & " (" & 'Dashboard 입력'!AF12 & ")") -> 2 (2) | F8: =IF('Dashboard 입력'!AJ12="", "", 'Dashboard 입력'!AJ12 & " (" & 'Dashboard 입력'!AG12 & ")") -> 1 (3) | G8: =IF(위험성평가_입력[[#This Row],[위험성]]="","", 위험성평가_입력[[#This Row],[위험성]] & " (" & 위험성평가_입력[[#This Row],[위험도(전)]] & ")") -> 2 (10)
A9: =IF('Dashboard 입력'!AB13="","",'Dashboard 입력'!AB13) -> 2-3 | B9: =IF('Dashboard 입력'!AC13="","",'Dashboard 입력'!AC13) -> 배전반 해체 | C9: =IF('Dashboard 입력'!AD13="","",'Dashboard 입력'!AD13) -> 부품 낙하로 인한 부상 | D9: =IF('Dashboard 입력'!AE13="","",'Dashboard 입력'!AE13) -> 헬멧 착용, 낙하방지망 설치 | E9: =IF('Dashboard 입력'!AI13="", "", 'Dashboard 입력'!AI13 & " (" & 'Dashboard 입력'!AF13 & ")") -> 1 (2) | F9: =IF('Dashboard 입력'!AJ13="", "", 'Dashboard 입력'!AJ13 & " (" & 'Dashboard 입력'!AG13 & ")") -> 3 (3) | G9: =IF(위험성평가_입력[[#This Row],[위험성]]="","", 위험성평가_입력[[#This Row],[위험성]] & " (" & 위험성평가_입력[[#This Row],[위험도(전)]] & ")") -> 3 (8)
A10: =IF('Dashboard 입력'!AB14="","",'Dashboard 입력'!AB14) -> 3-1 | B10: =IF('Dashboard 입력'!AC14="","",'Dashboard 입력'!AC14) -> 케이블 정비 | C10: =IF('Dashboard 입력'!AD14="","",'Dashboard 입력'!AD14) -> 피복손상으로 감전 | D10: =IF('Dashboard 입력'!AE14="","",'Dashboard 입력'!AE14) -> 절연저항 측정 후 작업 | E10: =IF('Dashboard 입력'!AI14="", "", 'Dashboard 입력'!AI14 & " (" & 'Dashboard 입력'!AF14 & ")") -> 2 (3) | F10: =IF('Dashboard 입력'!AJ14="", "", 'Dashboard 입력'!AJ14 & " (" & 'Dashboard 입력'!AG14 & ")") -> 1 (4) | G10: =IF(위험성평가_입력[[#This Row],[위험성]]="","", 위험성평가_입력[[#This Row],[위험성]] & " (" & 위험성평가_입력[[#This Row],[위험도(전)]] & ")") -> 2 (15)
A11: =IF('Dashboard 입력'!AB15="","",'Dashboard 입력'!AB15) -> 3-2 | B11: =IF('Dashboard 입력'!AC15="","",'Dashboard 입력'!AC15) -> 케이블 정비 | C11: =IF('Dashboard 입력'!AD15="","",'Dashboard 입력'!AD15) -> 케이블 단선 처리 시 천공 | D11: =IF('Dashboard 입력'!AE15="","",'Dashboard 입력'!AE15) -> 단선 케이블 처리함 사용, 분리 보관 | E11: =IF('Dashboard 입력'!AI15="", "", 'Dashboard 입력'!AI15 & " (" & 'Dashboard 입력'!AF15 & ")") -> 1 (2) | F11: =IF('Dashboard 입력'!AJ15="", "", 'Dashboard 입력'!AJ15 & " (" & 'Dashboard 입력'!AG15 & ")") -> 3 (2) | G11: =IF(위험성평가_입력[[#This Row],[위험성]]="","", 위험성평가_입력[[#This Row],[위험성]] & " (" & 위험성평가_입력[[#This Row],[위험도(전)]] & ")") -> 3 (6)
A12: =IF('Dashboard 입력'!AB16="","",'Dashboard 입력'!AB16) -> 3-3 | B12: =IF('Dashboard 입력'!AC16="","",'Dashboard 입력'!AC16) -> 케이블 정비 | C12: =IF('Dashboard 입력'!AD16="","",'Dashboard 입력'!AD16) -> 케이블 트레이 날카로운 부분에 절상 | D12: =IF('Dashboard 입력'!AE16="","",'Dashboard 입력'!AE16) -> 안전장갑 착용, 날카로운 부분 테이핑 | E12: =IF('Dashboard 입력'!AI16="", "", 'Dashboard 입력'!AI16 & " (" & 'Dashboard 입력'!AF16 & ")") -> 2 (3) | F12: =IF('Dashboard 입력'!AJ16="", "", 'Dashboard 입력'!AJ16 & " (" & 'Dashboard 입력'!AG16 & ")") -> 1 (2) | G12: =IF(위험성평가_입력[[#This Row],[위험성]]="","", 위험성평가_입력[[#This Row],[위험성]] & " (" & 위험성평가_입력[[#This Row],[위험도(전)]] & ")") -> 2 (6)
A13: =IF('Dashboard 입력'!AB17="","",'Dashboard 입력'!AB17) -> 4-1 | B13: =IF('Dashboard 입력'!AC17="","",'Dashboard 입력'!AC17) -> 접지 점검 | C13: =IF('Dashboard 입력'!AD17="","",'Dashboard 입력'!AD17) -> 접지저항 미확보로 감전 위험 | D13: =IF('Dashboard 입력'!AE17="","",'Dashboard 입력'!AE17) -> 접지측정기로 저항값 확인 후 작업 | E13: =IF('Dashboard 입력'!AI17="", "", 'Dashboard 입력'!AI17 & " (" & 'Dashboard 입력'!AF17 & ")") -> 1 (3) | F13: =IF('Dashboard 입력'!AJ17="", "", 'Dashboard 입력'!AJ17 & " (" & 'Dashboard 입력'!AG17 & ")") -> 3 (5) | G13: =IF(위험성평가_입력[[#This Row],[위험성]]="","", 위험성평가_입력[[#This Row],[위험성]] & " (" & 위험성평가_입력[[#This Row],[위험도(전)]] & ")") -> 3 (6)
A14: =IF('Dashboard 입력'!AB18="","",'Dashboard 입력'!AB18) -> 4-2 | B14: =IF('Dashboard 입력'!AC18="","",'Dashboard 입력'!AC18) -> 접지 점검 | C14: =IF('Dashboard 입력'!AD18="","",'Dashboard 입력'!AD18) -> 접지선 풀림으로 감전 | D14: =IF('Dashboard 입력'!AE18="","",'Dashboard 입력'!AE18) -> 접지선 체결 상태 사전 확인 | E14: =IF('Dashboard 입력'!AI18="", "", 'Dashboard 입력'!AI18 & " (" & 'Dashboard 입력'!AF18 & ")") -> 2 (2) | F14: =IF('Dashboard 입력'!AJ18="", "", 'Dashboard 입력'!AJ18 & " (" & 'Dashboard 입력'!AG18 & ")") -> 1 (5) | G14: =IF(위험성평가_입력[[#This Row],[위험성]]="","", 위험성평가_입력[[#This Row],[위험성]] & " (" & 위험성평가_입력[[#This Row],[위험도(전)]] & ")") -> 2 (12)
A15: =IF('Dashboard 입력'!AB19="","",'Dashboard 입력'!AB19) -> 4-3 | B15: =IF('Dashboard 입력'!AC19="","",'Dashboard 입력'!AC19) -> 접지 점검 | C15: =IF('Dashboard 입력'!AD19="","",'Dashboard 입력'!AD19) -> 측정기 리드선 접촉 불량 | D15: =IF('Dashboard 입력'!AE19="","",'Dashboard 입력'!AE19) -> 측정기 교정 확인, 리드선 상태 점검 | E15: =IF('Dashboard 입력'!AI19="", "", 'Dashboard 입력'!AI19 & " (" & 'Dashboard 입력'!AF19 & ")") -> 1 (2) | F15: =IF('Dashboard 입력'!AJ19="", "", 'Dashboard 입력'!AJ19 & " (" & 'Dashboard 입력'!AG19 & ")") -> 3 (3) | G15: =IF(위험성평가_입력[[#This Row],[위험성]]="","", 위험성평가_입력[[#This Row],[위험성]] & " (" & 위험성평가_입력[[#This Row],[위험도(전)]] & ")") -> 3 (4)
... A48: =IF('Dashboard 입력'!AB52="","",'Dashboard 입력'!AB52) | B48: =IF('Dashboard 입력'!AC52="","",'Dashboard 입력'!AC52) -> ㄱㄱㄱ | C48: =IF('Dashboard 입력'!AD52="","",'Dashboard 입력'!AD52) -> ㄱㄱㄱ | D48: =IF('Dashboard 입력'!AE52="","",'Dashboard 입력'!AE52) -> ㄱㄱ | E48: =IF('Dashboard 입력'!AI52="", "", 'Dashboard 입력'!AI52 & " (" & 'Dashboard 입력'!AF52 & ")") | F48: =IF('Dashboard 입력'!AJ52="", "", 'Dashboard 입력'!AJ52 & " (" & 'Dashboard 입력'!AG52 & ")") | G48: =IF(위험성평가_입력[[#This Row],[위험성]]="","", 위험성평가_입력[[#This Row],[위험성]] & " (" & 위험성평가_입력[[#This Row],[위험도(전)]] & ")")
A49: =IF('Dashboard 입력'!AB53="","",'Dashboard 입력'!AB53) | B49: =IF('Dashboard 입력'!AC53="","",'Dashboard 입력'!AC53) -> ㅁㅁ | C49: =IF('Dashboard 입력'!AD53="","",'Dashboard 입력'!AD53) -> ㄱㄱ | D49: =IF('Dashboard 입력'!AF53="","",'Dashboard 입력'!AF53) -> 3 | E49: =IF('Dashboard 입력'!AI53="", "", 'Dashboard 입력'!AI53 & " (" & 'Dashboard 입력'!#REF! & ")") | F49: =IF('Dashboard 입력'!AJ53="", "", 'Dashboard 입력'!AJ53 & " (" & 'Dashboard 입력'!AG53 & ")") | G49: =IF(위험성평가_입력[[#This Row],[위험성]]="","", 위험성평가_입력[[#This Row],[위험성]] & " (" & 위험성평가_입력[[#This Row],[위험도(전)]] & ")")
A50: =IF('Dashboard 입력'!AB54="","",'Dashboard 입력'!AB54) | B50: =IF('Dashboard 입력'!AC54="","",'Dashboard 입력'!AC54) | C50: =IF('Dashboard 입력'!AD54="","",'Dashboard 입력'!AD54) | D50: =IF('Dashboard 입력'!AE54="","",'Dashboard 입력'!AE54) | E50: =IF('Dashboard 입력'!AI54="", "", 'Dashboard 입력'!AI54 & " (" & 'Dashboard 입력'!AF54 & ")") | F50: =IF('Dashboard 입력'!AJ54="", "", 'Dashboard 입력'!AJ54 & " (" & 'Dashboard 입력'!AG54 & ")") | G50: =IF(위험성평가_입력[[#This Row],[위험성]]="","", 위험성평가_입력[[#This Row],[위험성]] & " (" & 위험성평가_입력[[#This Row],[위험도(전)]] & ")")
A51: =IF('Dashboard 입력'!AB55="","",'Dashboard 입력'!AB55) | B51: =IF('Dashboard 입력'!AC55="","",'Dashboard 입력'!AC55) | C51: =IF('Dashboard 입력'!AD55="","",'Dashboard 입력'!AD55) | D51: =IF('Dashboard 입력'!AE55="","",'Dashboard 입력'!AE55) | E51: =IF('Dashboard 입력'!AI55="", "", 'Dashboard 입력'!AI55 & " (" & 'Dashboard 입력'!AF55 & ")") | F51: =IF('Dashboard 입력'!AJ55="", "", 'Dashboard 입력'!AJ55 & " (" & 'Dashboard 입력'!AG55 & ")") | G51: =IF(위험성평가_입력[[#This Row],[위험성]]="","", 위험성평가_입력[[#This Row],[위험성]] & " (" & 위험성평가_입력[[#This Row],[위험도(전)]] & ")")
A52: =IF('Dashboard 입력'!AB56="","",'Dashboard 입력'!AB56) | B52: =IF('Dashboard 입력'!AC56="","",'Dashboard 입력'!AC56) | C52: =IF('Dashboard 입력'!AD56="","",'Dashboard 입력'!AD56) | D52: =IF('Dashboard 입력'!AE56="","",'Dashboard 입력'!AE56) | E52: =IF('Dashboard 입력'!AI56="", "", 'Dashboard 입력'!AI56 & " (" & 'Dashboard 입력'!AF56 & ")") | F52: =IF('Dashboard 입력'!AJ56="", "", 'Dashboard 입력'!AJ56 & " (" & 'Dashboard 입력'!AG56 & ")") | G52: =IF(위험성평가_입력[[#This Row],[위험성]]="","", 위험성평가_입력[[#This Row],[위험성]] & " (" & 위험성평가_입력[[#This Row],[위험도(전)]] & ")")
A53: =IF('Dashboard 입력'!AB57="","",'Dashboard 입력'!AB57) | B53: =IF('Dashboard 입력'!AC57="","",'Dashboard 입력'!AC57) | C53: =IF('Dashboard 입력'!AD57="","",'Dashboard 입력'!AD57) | D53: =IF('Dashboard 입력'!AE57="","",'Dashboard 입력'!AE57) | E53: =IF('Dashboard 입력'!AI57="", "", 'Dashboard 입력'!AI57 & " (" & 'Dashboard 입력'!AF57 & ")") | F53: =IF('Dashboard 입력'!AJ57="", "", 'Dashboard 입력'!AJ57 & " (" & 'Dashboard 입력'!AG57 & ")") | G53: =IF(위험성평가_입력[[#This Row],[위험성]]="","", 위험성평가_입력[[#This Row],[위험성]] & " (" & 위험성평가_입력[[#This Row],[위험도(전)]] & ")")
A54: =IF('Dashboard 입력'!AB58="","",'Dashboard 입력'!AB58) | B54: =IF('Dashboard 입력'!AC58="","",'Dashboard 입력'!AC58) | C54: =IF('Dashboard 입력'!AD58="","",'Dashboard 입력'!AD58) | D54: =IF('Dashboard 입력'!AE58="","",'Dashboard 입력'!AE58) | E54: =IF('Dashboard 입력'!AI58="", "", 'Dashboard 입력'!AI58 & " (" & 'Dashboard 입력'!AF58 & ")") | F54: =IF('Dashboard 입력'!AJ58="", "", 'Dashboard 입력'!AJ58 & " (" & 'Dashboard 입력'!AG58 & ")") | G54: =IF(위험성평가_입력[[#This Row],[위험성]]="","", 위험성평가_입력[[#This Row],[위험성]] & " (" & 위험성평가_입력[[#This Row],[위험도(전)]] & ")")
A55: =IF('Dashboard 입력'!AB59="","",'Dashboard 입력'!AB59) | B55: =IF('Dashboard 입력'!AC59="","",'Dashboard 입력'!AC59) | C55: =IF('Dashboard 입력'!AD59="","",'Dashboard 입력'!AD59) | D55: =IF('Dashboard 입력'!AE59="","",'Dashboard 입력'!AE59) | E55: =IF('Dashboard 입력'!AI59="", "", 'Dashboard 입력'!AI59 & " (" & 'Dashboard 입력'!AF59 & ")") | F55: =IF('Dashboard 입력'!AJ59="", "", 'Dashboard 입력'!AJ59 & " (" & 'Dashboard 입력'!AG59 & ")") | G55: =IF(위험성평가_입력[[#This Row],[위험성]]="","", 위험성평가_입력[[#This Row],[위험성]] & " (" & 위험성평가_입력[[#This Row],[위험도(전)]] & ")")
A56: =IF('Dashboard 입력'!AB60="","",'Dashboard 입력'!AB60) | B56: =IF('Dashboard 입력'!AC60="","",'Dashboard 입력'!AC60) | C56: =IF('Dashboard 입력'!AD60="","",'Dashboard 입력'!AD60) | D56: =IF('Dashboard 입력'!AE60="","",'Dashboard 입력'!AE60) | E56: =IF('Dashboard 입력'!AI60="", "", 'Dashboard 입력'!AI60 & " (" & 'Dashboard 입력'!AF60 & ")") | F56: =IF('Dashboard 입력'!AJ60="", "", 'Dashboard 입력'!AJ60 & " (" & 'Dashboard 입력'!AG60 & ")") | G56: =IF(위험성평가_입력[[#This Row],[위험성]]="","", 위험성평가_입력[[#This Row],[위험성]] & " (" & 위험성평가_입력[[#This Row],[위험도(전)]] & ")")
A57: =IF('Dashboard 입력'!AB61="","",'Dashboard 입력'!AB61) | B57: =IF('Dashboard 입력'!AC61="","",'Dashboard 입력'!AC61) | C57: =IF('Dashboard 입력'!AD61="","",'Dashboard 입력'!AD61) | D57: =IF('Dashboard 입력'!AE61="","",'Dashboard 입력'!AE61) | E57: =IF('Dashboard 입력'!AI61="", "", 'Dashboard 입력'!AI61 & " (" & 'Dashboard 입력'!AF61 & ")") | F57: =IF('Dashboard 입력'!AJ61="", "", 'Dashboard 입력'!AJ61 & " (" & 'Dashboard 입력'!AG61 & ")") | G57: =IF(위험성평가_입력[[#This Row],[위험성]]="","", 위험성평가_입력[[#This Row],[위험성]] & " (" & 위험성평가_입력[[#This Row],[위험도(전)]] & ")")
A58: =IF('Dashboard 입력'!AB62="","",'Dashboard 입력'!AB62) | B58: =IF('Dashboard 입력'!AC62="","",'Dashboard 입력'!AC62) | C58: =IF('Dashboard 입력'!AD62="","",'Dashboard 입력'!AD62) | D58: =IF('Dashboard 입력'!AE62="","",'Dashboard 입력'!AE62) | E58: =IF('Dashboard 입력'!AI62="", "", 'Dashboard 입력'!AI62 & " (" & 'Dashboard 입력'!AF62 & ")") | F58: =IF('Dashboard 입력'!AJ62="", "", 'Dashboard 입력'!AJ62 & " (" & 'Dashboard 입력'!AG62 & ")") | G58: =IF(위험성평가_입력[[#This Row],[위험성]]="","", 위험성평가_입력[[#This Row],[위험성]] & " (" & 위험성평가_입력[[#This Row],[위험도(전)]] & ")")
A59: =IF('Dashboard 입력'!AB63="","",'Dashboard 입력'!AB63) | B59: =IF('Dashboard 입력'!AC63="","",'Dashboard 입력'!AC63) | C59: =IF('Dashboard 입력'!AD63="","",'Dashboard 입력'!AD63) | D59: =IF('Dashboard 입력'!AE63="","",'Dashboard 입력'!AE63) | E59: =IF('Dashboard 입력'!AI63="", "", 'Dashboard 입력'!AI63 & " (" & 'Dashboard 입력'!AF63 & ")") | F59: =IF('Dashboard 입력'!AJ63="", "", 'Dashboard 입력'!AJ63 & " (" & 'Dashboard 입력'!AG63 & ")") | G59: =IF(위험성평가_입력[[#This Row],[위험성]]="","", 위험성평가_입력[[#This Row],[위험성]] & " (" & 위험성평가_입력[[#This Row],[위험도(전)]] & ")")
A60: =IF('Dashboard 입력'!AB64="","",'Dashboard 입력'!AB64) | B60: =IF('Dashboard 입력'!AC64="","",'Dashboard 입력'!AC64) | C60: =IF('Dashboard 입력'!AD64="","",'Dashboard 입력'!AD64) | D60: =IF('Dashboard 입력'!AE64="","",'Dashboard 입력'!AE64) | E60: =IF('Dashboard 입력'!AI64="", "", 'Dashboard 입력'!AI64 & " (" & 'Dashboard 입력'!AF64 & ")") | F60: =IF('Dashboard 입력'!AJ64="", "", 'Dashboard 입력'!AJ64 & " (" & 'Dashboard 입력'!AG64 & ")") | G60: =IF(위험성평가_입력[[#This Row],[위험성]]="","", 위험성평가_입력[[#This Row],[위험성]] & " (" & 위험성평가_입력[[#This Row],[위험도(전)]] & ")")
A61: =IF('Dashboard 입력'!AB65="","",'Dashboard 입력'!AB65) | B61: =IF('Dashboard 입력'!AC65="","",'Dashboard 입력'!AC65) | C61: =IF('Dashboard 입력'!AD65="","",'Dashboard 입력'!AD65) | D61: =IF('Dashboard 입력'!AE65="","",'Dashboard 입력'!AE65) | E61: =IF('Dashboard 입력'!AI65="", "", 'Dashboard 입력'!AI65 & " (" & 'Dashboard 입력'!AF65 & ")") | F61: =IF('Dashboard 입력'!AJ65="", "", 'Dashboard 입력'!AJ65 & " (" & 'Dashboard 입력'!AG65 & ")") | G61: =IF(위험성평가_입력[[#This Row],[위험성]]="","", 위험성평가_입력[[#This Row],[위험성]] & " (" & 위험성평가_입력[[#This Row],[위험도(전)]] & ")")
... A303: =IF('Dashboard 입력'!AB307="","",'Dashboard 입력'!AB307) | B303: =IF('Dashboard 입력'!AC307="","",'Dashboard 입력'!AC307) | C303: =IF('Dashboard 입력'!AD307="","",'Dashboard 입력'!AD307) | D303: =IF('Dashboard 입력'!AE307="","",'Dashboard 입력'!AE307) | E303: =IF('Dashboard 입력'!AI307="", "", 'Dashboard 입력'!AI307 & " (" & 'Dashboard 입력'!AF307 & ")") | F303: =IF('Dashboard 입력'!AJ307="", "", 'Dashboard 입력'!AJ307 & " (" & 'Dashboard 입력'!AG307 & ")") | G303: =IF(위험성평가_입력[[#This Row],[위험성]]="","", 위험성평가_입력[[#This Row],[위험성]] & " (" & 위험성평가_입력[[#This Row],[위험도(전)]] & ")")

Sheet Table 4
A1: 위 험 성 평 가 결 과 확 인
A2: □ 작업 시작 전 관리감독자로부터 유해·위험요인에 대한 정보를 제공 받고 그 내용을 확인 하였으며, 유해·위험작업으로부터 보호를 받을 수 있는 보호구를 지급받고 착용 하였습니다. □ 해당 작업에 대한 위험성평가 결과를 확인하고 숙지하였습니다. ※ 유해·위험요인 개선 요청은 Safety365 모바일웹 안전제안에서 하실 수 있습니다.( http://koenergy.kr/safety365) | M2: [Safety 모바일웹]
A4: 순번 | B4: 소 속 | C4: 성 명 | D4: 서 명 | F4: 순번 | G4: 소 속 | H4: 성 명 | I4: 서 명 | K4: 순번 | L4: 소 속 | M4: 성 명 | N4: 서 명
A5: 1 | B5: =IF('Dashboard 입력'!I21="","",'Dashboard 입력'!I21) -> 삼지전자 | C5: =IF('Dashboard 입력'!J21="","",'Dashboard 입력'!J21) -> 김가나1 | F5: 11 | G5: =IF('Dashboard 입력'!I31="","",'Dashboard 입력'!I31) -> 삼지전자 | H5: =IF('Dashboard 입력'!J31="","",'Dashboard 입력'!J31) -> 김가나11 | K5: 21 | L5: =IF('Dashboard 입력'!I41="","",'Dashboard 입력'!I41) -> 삼지전자 | M5: =IF('Dashboard 입력'!J41="","",'Dashboard 입력'!J41) -> 김가나21
A6: 2 | B6: =IF('Dashboard 입력'!I22="","",'Dashboard 입력'!I22) -> 삼지전자 | C6: =IF('Dashboard 입력'!J22="","",'Dashboard 입력'!J22) -> 김가나2 | F6: 12 | G6: =IF('Dashboard 입력'!I32="","",'Dashboard 입력'!I32) -> 삼지전자 | H6: =IF('Dashboard 입력'!J32="","",'Dashboard 입력'!J32) -> 김가나12 | K6: 22 | L6: =IF('Dashboard 입력'!I42="","",'Dashboard 입력'!I42) -> 삼지전자 | M6: =IF('Dashboard 입력'!J42="","",'Dashboard 입력'!J42) -> 김가나22
A7: 3 | B7: =IF('Dashboard 입력'!I23="","",'Dashboard 입력'!I23) -> 삼지전자 | C7: =IF('Dashboard 입력'!J23="","",'Dashboard 입력'!J23) -> 김가나3 | F7: 13 | G7: =IF('Dashboard 입력'!I33="","",'Dashboard 입력'!I33) -> 삼지전자 | H7: =IF('Dashboard 입력'!J33="","",'Dashboard 입력'!J33) -> 김가나13 | K7: 23 | L7: =IF('Dashboard 입력'!I43="","",'Dashboard 입력'!I43) -> 삼지전자 | M7: =IF('Dashboard 입력'!J43="","",'Dashboard 입력'!J43) -> 김가나23
A8: 4 | B8: =IF('Dashboard 입력'!I24="","",'Dashboard 입력'!I24) -> 삼지전자 | C8: =IF('Dashboard 입력'!J24="","",'Dashboard 입력'!J24) -> 김가나4 | F8: 14 | G8: =IF('Dashboard 입력'!I34="","",'Dashboard 입력'!I34) -> 삼지전자 | H8: =IF('Dashboard 입력'!J34="","",'Dashboard 입력'!J34) -> 김가나14 | K8: 24 | L8: =IF('Dashboard 입력'!I44="","",'Dashboard 입력'!I44) | M8: =IF('Dashboard 입력'!J44="","",'Dashboard 입력'!J44)
A9: 5 | B9: =IF('Dashboard 입력'!I25="","",'Dashboard 입력'!I25) -> 삼지전자 | C9: =IF('Dashboard 입력'!J25="","",'Dashboard 입력'!J25) -> 김가나5 | F9: 15 | G9: =IF('Dashboard 입력'!I35="","",'Dashboard 입력'!I35) -> 삼지전자 | H9: =IF('Dashboard 입력'!J35="","",'Dashboard 입력'!J35) -> 김가나15 | K9: 25 | L9: =IF('Dashboard 입력'!I45="","",'Dashboard 입력'!I45) | M9: =IF('Dashboard 입력'!J45="","",'Dashboard 입력'!J45)
A10: 6 | B10: =IF('Dashboard 입력'!I26="","",'Dashboard 입력'!I26) -> 삼지전자 | C10: =IF('Dashboard 입력'!J26="","",'Dashboard 입력'!J26) -> 김가나6 | F10: 16 | G10: =IF('Dashboard 입력'!I36="","",'Dashboard 입력'!I36) -> 삼지전자 | H10: =IF('Dashboard 입력'!J36="","",'Dashboard 입력'!J36) -> 김가나16 | K10: 26 | L10: =IF('Dashboard 입력'!I46="","",'Dashboard 입력'!I46) | M10: =IF('Dashboard 입력'!J46="","",'Dashboard 입력'!J46)
A11: 7 | B11: =IF('Dashboard 입력'!I27="","",'Dashboard 입력'!I27) -> 삼지전자 | C11: =IF('Dashboard 입력'!J27="","",'Dashboard 입력'!J27) -> 김가나7 | F11: 17 | G11: =IF('Dashboard 입력'!I37="","",'Dashboard 입력'!I37) -> 삼지전자 | H11: =IF('Dashboard 입력'!J37="","",'Dashboard 입력'!J37) -> 김가나17 | K11: 27 | L11: =IF('Dashboard 입력'!I47="","",'Dashboard 입력'!I47) | M11: =IF('Dashboard 입력'!J47="","",'Dashboard 입력'!J47)
A12: 8 | B12: =IF('Dashboard 입력'!I28="","",'Dashboard 입력'!I28) -> 삼지전자 | C12: =IF('Dashboard 입력'!J28="","",'Dashboard 입력'!J28) -> 김가나8 | F12: 18 | G12: =IF('Dashboard 입력'!I38="","",'Dashboard 입력'!I38) -> 삼지전자 | H12: =IF('Dashboard 입력'!J38="","",'Dashboard 입력'!J38) -> 김가나18 | K12: 28 | L12: =IF('Dashboard 입력'!I48="","",'Dashboard 입력'!I48) | M12: =IF('Dashboard 입력'!J48="","",'Dashboard 입력'!J48)
A13: 9 | B13: =IF('Dashboard 입력'!I29="","",'Dashboard 입력'!I29) -> 삼지전자 | C13: =IF('Dashboard 입력'!J29="","",'Dashboard 입력'!J29) -> 김가나9 | F13: 19 | G13: =IF('Dashboard 입력'!I39="","",'Dashboard 입력'!I39) -> 삼지전자 | H13: =IF('Dashboard 입력'!J39="","",'Dashboard 입력'!J39) -> 김가나19 | K13: 29 | L13: =IF('Dashboard 입력'!I49="","",'Dashboard 입력'!I49) | M13: =IF('Dashboard 입력'!J49="","",'Dashboard 입력'!J49)
A14: 10 | B14: =IF('Dashboard 입력'!I30="","",'Dashboard 입력'!I30) -> 삼지전자 | C14: =IF('Dashboard 입력'!J30="","",'Dashboard 입력'!J30) -> 김가나10 | F14: 20 | G14: =IF('Dashboard 입력'!I40="","",'Dashboard 입력'!I40) -> 삼지전자 | H14: =IF('Dashboard 입력'!J40="","",'Dashboard 입력'!J40) -> 김가나20 | K14: 30 | L14: =IF('Dashboard 입력'!I50="","",'Dashboard 입력'!I50) | M14: =IF('Dashboard 입력'!J50="","",'Dashboard 입력'!J50)

Sheet 작업개요 DB
A1: 관리번호 | B1: 작업명 | C1: 작업내용 | D1: 작업기간(시간) | E1: 작업장소 | F1: 작업분류 | G1: 중점관리사항 | H1: 필요한 보호구 | I1: 필요한 공기구 | J1: 투입중장비 | K1: 회사(부서)명 | L1: 작성일자 | M1: 작성자 | N1: 평가참여자 / 유사재해
A2: RA-2025-0315 | B2: 전기설비 점검 및 정비작업 | C2: 전기실 내 배전반 교체 및 케이블 정비, 접지 점검 | D2: 2025.03.15 09:00 ~ 18:00 | E2: A동 전기실, B동 전기실 | F2: ■ 일반작업 ■ 정전작업 | G2: 감전위험, 아크플래시, 케이블 노후, 전원차단 미확인 | H2: 절연장갑, 절연장화, 안전모, 보안경 | I2: 절연저항측정기, 접지측정기, 검전기 | J2: 사다리차, 고소작업대 | K2: 한국에너지 전기부 | L2: 2025.03.14 | M2: 김안전 | N2: 김안전, 이안전, 박안전, 최안전 / 2024년 전기실 감전사고 사례 반영

Sheet 위험성평가 DB
A1: 관리번호 | B1: 공정번호 | C1: 작업(공정)단계 | D1: 유해위험요인 | E1: 안전조치사항 | F1: 가능성(빈도) | G1: 중대성(강도) | H1: 위험성
A2: RA-2025-0315 | B2: 1-1 | C2: 전원차단 | D2: 차단기 오조작으로 감전 | E2: LOTO 절차 준수, 검전기 확인 | F2: 2 | G2: 5 | H2: =F2*G2 -> 10
A3: RA-2025-0315 | B3: 1-2 | C3: 전원차단 | D3: 아크플래시 발생 | E3: 절연장갑 착용, 안면보호구 | F3: 2 | G3: 4 | H3: =F3*G3 -> 8
A4: RA-2025-0315 | B4: 1-3 | C4: 전원차단 | D4: 잔류전압에 의한 감전 | E4: 콘덴서 방전 후 작업 시작 | F4: 3 | G4: 5 | H4: =F4*G4 -> 15
A5: RA-2025-0315 | B5: 2-1 | C5: 배전반 해체 | D5: 볼트 풀림 시 날카로운 모서리에 절상 | E5: 절연장갑 및 안전장갑 착용 | F5: 3 | G5: 2 | H5: =F5*G5 -> 6
A6: RA-2025-0315 | B6: 2-2 | C6: 배전반 해체 | D6: 배전반 넘어짐으로 충돌 | E6: 작업반경 정리정돈, 바닥 전선 정리 | F6: 2 | G6: 3 | H6: =F6*G6 -> 6
A7: RA-2025-0315 | B7: 2-3 | C7: 배전반 해체 | D7: 부품 낙하로 인한 부상 | E7: 헬멧 착용, 낙하방지망 설치 | F7: 2 | G7: 3 | H7: =F7*G7 -> 6
A8: RA-2025-0315 | B8: 3-1 | C8: 케이블 정비 | D8: 피복손상으로 감전 | E8: 절연저항 측정 후 작업 | F8: 3 | G8: 4 | H8: =F8*G8 -> 12
A9: RA-2025-0315 | B9: 3-2 | C9: 케이블 정비 | D9: 케이블 단선 처리 시 천공 | E9: 단선 케이블 처리함 사용, 분리 보관 | F9: 2 | G9: 2 | H9: =F9*G9 -> 4
A10: RA-2025-0315 | B10: 3-3 | C10: 케이블 정비 | D10: 케이블 트레이 날카로운 부분에 절상 | E10: 안전장갑 착용, 날카로운 부분 테이핑 | F10: 3 | G10: 2 | H10: =F10*G10 -> 6
A11: RA-2025-0315 | B11: 4-1 | C11: 접지 점검 | D11: 접지저항 미확보로 감전 위험 | E11: 접지측정기로 저항값 확인 후 작업 | F11: 3 | G11: 5 | H11: =F11*G11 -> 15
A12: RA-2025-0315 | B12: 4-2 | C12: 접지 점검 | D12: 접지선 풀림으로 감전 | E12: 접지선 체결 상태 사전 확인 | F12: 2 | G12: 5 | H12: =F12*G12 -> 10
A13: RA-2025-0315 | B13: 4-3 | C13: 접지 점검 | D13: 측정기 리드선 접촉 불량 | E13: 측정기 교정 확인, 리드선 상태 점검 | F13: 2 | G13: 3 | H13: =F13*G13 -> 6
... A21: RA-2025-0315 | B21: 7-2 | C21: 시운전 및 점검 | D21: 보호장치 미작동으로 사고 | E21: 보호장치 동작 시험 완료 후 전원 투입 | F21: 2 | G21: 5 | H21: =F21*G21 -> 10

Sheet _Helper
A1: 기인물 | B1: 순위 | C1: 작업명 | D1: 작업명건수 | E1: 재해형태 | F1: 재해형태건수 | G1: 개선대책(Unique) | H1: 누적할당건수 | I1: 개별할당건수 | J1: 차트_공정명 | K1: 차트_공정건수 | L1: 차트_재해형태 | M1: 차트_재해건수
A2: 각재(파이프,강관,합판) | B2: 1 | C2: 12.2 안전가시설 작업 | D2: 6 | E2: 떨어짐 | F2: 17 | G2: ▶ 굴삭기 작업시 토사의 굴착, 절토 등 장비용도에 맞게 사용 ▶ 건설기계 제원, 성능, 작업반경 등을 고려하여 작업 | H2: {=IF(OR(A2="",E2=""),"",SUMPRODUCT(($A$2:$A$581=A2)*($B$2:$B$581<B2)*$I$2:$I$581))} -> 0 | I2: =IF(OR(A2="",E2="",NOT(ISNUMBER(F2))),0,MIN(F2,5)) -> 5 | J2: {=IFERROR(INDEX(C$2:C$581,_xlfn.AGGREGATE(15,6,ROW(A$2:A$581)-1/((A$2:A$581='기인물 위험정보제공'!$C$5)*(B$2:B$581=1)),1)),"")} -> 4.1 조적, 미장 및 견출작업 | K2: {=IFERROR(INDEX(D$2:D$581,_xlfn.AGGREGATE(15,6,ROW(A$2:A$581)-1/((A$2:A$581='기인물 위험정보제공'!$C$5)*(B$2:B$581=1)),1)),"")} -> 6 | L2: {=IFERROR(INDEX(E$2:E$581,_xlfn.AGGREGATE(15,6,ROW(A$2:A$581)-1/((A$2:A$581='기인물 위험정보제공'!$C$5)*(B$2:B$581=1)),1)),"")} -> 떨어짐 | M2: {=IFERROR(INDEX(F$2:F$581,_xlfn.AGGREGATE(15,6,ROW(A$2:A$581)-1/((A$2:A$581='기인물 위험정보제공'!$C$5)*(B$2:B$581=1)),1)),"")} -> 28
A3: 각재(파이프,강관,합판) | B3: 2 | C3: 2.1 거푸집 작업 | D3: 4 | E3: 맞음 | F3: 13 | G3: ▶ 자재를 야적하는 경우 평탄한 곳에 적재하며 구름방지조치 실시 ▶ 경사면에서 흄관을 고정하기 위해 쐐기 등을 이용 ▶ 강관파이프를 3단이상 등 과도하게 적재 금지 | H3: {=IF(OR(A3="",E3=""),"",SUMPRODUCT(($A$2:$A$581=A3)*($B$2:$B$581<B3)*$I$2:$I$581))} -> 5 | I3: =IF(OR(A3="",E3="",NOT(ISNUMBER(F3))),0,MIN(F3,5)) -> 5 | J3: {=IFERROR(INDEX(C$2:C$581,_xlfn.AGGREGATE(15,6,ROW(A$2:A$581)-1/((A$2:A$581='기인물 위험정보제공'!$C$5)*(B$2:B$581=2)),1)),"")} -> 4.3 석재 및 타일 작업 | K3: {=IFERROR(INDEX(D$2:D$581,_xlfn.AGGREGATE(15,6,ROW(A$2:A$581)-1/((A$2:A$581='기인물 위험정보제공'!$C$5)*(B$2:B$581=2)),1)),"")} -> 6 | L3: {=IFERROR(INDEX(E$2:E$581,_xlfn.AGGREGATE(15,6,ROW(A$2:A$581)-1/((A$2:A$581='기인물 위험정보제공'!$C$5)*(B$2:B$581=2)),1)),"")} -> 부딪힘 접촉 | M3: {=IFERROR(INDEX(F$2:F$581,_xlfn.AGGREGATE(15,6,ROW(A$2:A$581)-1/((A$2:A$581='기인물 위험정보제공'!$C$5)*(B$2:B$581=2)),1)),"")} -> 2
A4: 각재(파이프,강관,합판) | B4: 3 | C4: 3.1 철골 작업 | D4: 4 | E4: 맞음(낙하물체) | F4: 4 | G4: ▶ 화물적재 작업 시 최대 적재량 및 한쪽으로 치우치지 않은 적재 등의 조치 준수 ▶ 로프 풀기 작업 전 적재함 주변에 근로자의 통행을 통제한 뒤 하역작업 실시 | H4: {=IF(OR(A4="",E4=""),"",SUMPRODUCT(($A$2:$A$581=A4)*($B$2:$B$581<B4)*$I$2:$I$581))} -> 10 | I4: =IF(OR(A4="",E4="",NOT(ISNUMBER(F4))),0,MIN(F4,5)) -> 4 | J4: {=IFERROR(INDEX(C$2:C$581,_xlfn.AGGREGATE(15,6,ROW(A$2:A$581)-1/((A$2:A$581='기인물 위험정보제공'!$C$5)*(B$2:B$581=3)),1)),"")} -> 2.1 거푸집 작업 | K4: {=IFERROR(INDEX(D$2:D$581,_xlfn.AGGREGATE(15,6,ROW(A$2:A$581)-1/((A$2:A$581='기인물 위험정보제공'!$C$5)*(B$2:B$581=3)),1)),"")} -> 4 | L4: {=IFERROR(INDEX(E$2:E$581,_xlfn.AGGREGATE(15,6,ROW(A$2:A$581)-1/((A$2:A$581='기인물 위험정보제공'!$C$5)*(B$2:B$581=3)),1)),"")} -> 깔림 뒤집힘 | M4: {=IFERROR(INDEX(F$2:F$581,_xlfn.AGGREGATE(15,6,ROW(A$2:A$581)-1/((A$2:A$581='기인물 위험정보제공'!$C$5)*(B$2:B$581=3)),1)),"")} -> 1
A5: 각재(파이프,강관,합판) | B5: 4 | C5: 2.3 철근 작업 | D5: 3 | E5: 깔림 뒤집힘 | F5: 3 | G5: ▶ 해체물, 자재 등 현장 내 존치할 경우 전도방지조치 실시 ▶ 건축물의 해체 작업시 작업반경 내 작업자의 출입 금지조치 | H5: {=IF(OR(A5="",E5=""),"",SUMPRODUCT(($A$2:$A$581=A5)*($B$2:$B$581<B5)*$I$2:$I$581))} -> 14 | I5: =IF(OR(A5="",E5="",NOT(ISNUMBER(F5))),0,MIN(F5,5)) -> 3 | J5: {=IFERROR(INDEX(C$2:C$581,_xlfn.AGGREGATE(15,6,ROW(A$2:A$581)-1/((A$2:A$581='기인물 위험정보제공'!$C$5)*(B$2:B$581=4)),1)),"")} -> 3.1 철골 작업 | K5: {=IFERROR(INDEX(D$2:D$581,_xlfn.AGGREGATE(15,6,ROW(A$2:A$581)-1/((A$2:A$581='기인물 위험정보제공'!$C$5)*(B$2:B$581=4)),1)),"")} -> 3 | L5: {=IFERROR(INDEX(E$2:E$581,_xlfn.AGGREGATE(15,6,ROW(A$2:A$581)-1/((A$2:A$581='기인물 위험정보제공'!$C$5)*(B$2:B$581=4)),1)),"")} -> 넘어짐 | M5: {=IFERROR(INDEX(F$2:F$581,_xlfn.AGGREGATE(15,6,ROW(A$2:A$581)-1/((A$2:A$581='기인물 위험정보제공'!$C$5)*(B$2:B$581=4)),1)),"")} -> 1
A6: 각재(파이프,강관,합판) | B6: 5 | C6: 4.5 금속 및 잡철물 작업 | D6: 3 | E6: 절단 베임 찔림 | F6: 1 | G6: ▶ 비계 해체 작업 등 고소작업 시, 강관지지대로 올라가 작업하는 행위름 금지하고 이동식비계 또는 고소작업대를 사용하여 작업하도록 조치 ▶ 비계 해체 작업 등 고소작업 시, 해체장소가 협소하거나 지형이 가파름 등의 이유로 이동식비계, 고소작업대 등을 사용할 수 없을 경우, 굴삭기 등 건설장비를 사용하여 인명피해가 없도록 조치 후 작업 진행 | H6: {=IF(OR(A6="",E6=""),"",SUMPRODUCT(($A$2:$A$581=A6)*($B$2:$B$581<B6)*$I$2:$I$581))} -> 17 | I6: =IF(OR(A6="",E6="",NOT(ISNUMBER(F6))),0,MIN(F6,5)) -> 1 | J6: {=IFERROR(INDEX(C$2:C$581,_xlfn.AGGREGATE(15,6,ROW(A$2:A$581)-1/((A$2:A$581='기인물 위험정보제공'!$C$5)*(B$2:B$581=5)),1)),"")} -> 12.7 기타(작업환경, 청소 등) | K6: {=IFERROR(INDEX(D$2:D$581,_xlfn.AGGREGATE(15,6,ROW(A$2:A$581)-1/((A$2:A$581='기인물 위험정보제공'!$C$5)*(B$2:B$581=5)),1)),"")} -> 2 | L6: {=IFERROR(INDEX(E$2:E$581,_xlfn.AGGREGATE(15,6,ROW(A$2:A$581)-1/((A$2:A$581='기인물 위험정보제공'!$C$5)*(B$2:B$581=5)),1)),"")} -> 0 | M6: {=IFERROR(INDEX(F$2:F$581,_xlfn.AGGREGATE(15,6,ROW(A$2:A$581)-1/((A$2:A$581='기인물 위험정보제공'!$C$5)*(B$2:B$581=5)),1)),"")} -> 0
A7: 각재(파이프,강관,합판) | B7: 6 | C7: 11.4 맨홀 및 관부설작업 | D7: 2 | E7: 넘어짐 | F7: 1 | G7: ▶ 추락 위험이 있는 작업 시, 안전방망, 안전난간, 안전대 부착설비 등 안전방호조치 실시 ▶ 작업 전 안전대 지급 및 착용, 체결상태 관리감독자 확인 철저 | H7: {=IF(OR(A7="",E7=""),"",SUMPRODUCT(($A$2:$A$581=A7)*($B$2:$B$581<B7)*$I$2:$I$581))} -> 18 | I7: =IF(OR(A7="",E7="",NOT(ISNUMBER(F7))),0,MIN(F7,5)) -> 1 | J7: {=IFERROR(INDEX(C$2:C$581,_xlfn.AGGREGATE(15,6,ROW(A$2:A$581)-1/((A$2:A$581='기인물 위험정보제공'!$C$5)*(B$2:B$581=6)),1)),"")} -> 4.4 도장작업 | K7: {=IFERROR(INDEX(D$2:D$581,_xlfn.AGGREGATE(15,6,ROW(A$2:A$581)-1/((A$2:A$581='기인물 위험정보제공'!$C$5)*(B$2:B$581=6)),1)),"")} -> 2 | L7: {=IFERROR(INDEX(E$2:E$581,_xlfn.AGGREGATE(15,6,ROW(A$2:A$581)-1/((A$2:A$581='기인물 위험정보제공'!$C$5)*(B$2:B$581=6)),1)),"")} -> 0 | M7: {=IFERROR(INDEX(F$2:F$581,_xlfn.AGGREGATE(15,6,ROW(A$2:A$581)-1/((A$2:A$581='기인물 위험정보제공'!$C$5)*(B$2:B$581=6)),1)),"")} -> 0
A8: 각재(파이프,강관,합판) | B8: 7 | C8: 12.7 기타(작업환경, 청소 등) | D8: 2 | G8: ▶ 화물적재 작업 시 최대 적재량 및 한쪽으로 치우치지 않은 적재 등의 조치 준수 ▶ 로프 풀기 작업 시 적재함의 화물이 떨어질 위험이 없음을 확인 호 주치 실시 | H8: {=IF(OR(A8="",E8=""),"",SUMPRODUCT(($A$2:$A$581=A8)*($B$2:$B$581<B8)*$I$2:$I$581))} | I8: =IF(OR(A8="",E8="",NOT(ISNUMBER(F8))),0,MIN(F8,5)) -> 0 | J8: {=IFERROR(INDEX(C$2:C$581,_xlfn.AGGREGATE(15,6,ROW(A$2:A$581)-1/((A$2:A$581='기인물 위험정보제공'!$C$5)*(B$2:B$581=7)),1)),"")} -> 5.2 기계설비 작업 | K8: {=IFERROR(INDEX(D$2:D$581,_xlfn.AGGREGATE(15,6,ROW(A$2:A$581)-1/((A$2:A$581='기인물 위험정보제공'!$C$5)*(B$2:B$581=7)),1)),"")} -> 2 | L8: {=IFERROR(INDEX(E$2:E$581,_xlfn.AGGREGATE(15,6,ROW(A$2:A$581)-1/((A$2:A$581='기인물 위험정보제공'!$C$5)*(B$2:B$581=7)),1)),"")} -> 0 | M8: {=IFERROR(INDEX(F$2:F$581,_xlfn.AGGREGATE(15,6,ROW(A$2:A$581)-1/((A$2:A$581='기인물 위험정보제공'!$C$5)*(B$2:B$581=7)),1)),"")} -> 0
A9: 각재(파이프,강관,합판) | B9: 8 | C9: 2.4 콘크리트 작업 | D9: 2 | G9: ▶ 관리감독자의 유해ㆍ위험방지 업무 철저 ▶ 중량물 취급시에는 운반 등의 작업에 있어서 계획서를 작업하고 그 계획에 따라 작업하도록 지시 ▶ 개인보호구 착용 및 관리 철저 | H9: {=IF(OR(A9="",E9=""),"",SUMPRODUCT(($A$2:$A$581=A9)*($B$2:$B$581<B9)*$I$2:$I$581))} | I9: =IF(OR(A9="",E9="",NOT(ISNUMBER(F9))),0,MIN(F9,5)) -> 0 | J9: {=IFERROR(INDEX(C$2:C$581,_xlfn.AGGREGATE(15,6,ROW(A$2:A$581)-1/((A$2:A$581='기인물 위험정보제공'!$C$5)*(B$2:B$581=8)),1)),"")} -> 2.3 철근 작업 | K9: {=IFERROR(INDEX(D$2:D$581,_xlfn.AGGREGATE(15,6,ROW(A$2:A$581)-1/((A$2:A$581='기인물 위험정보제공'!$C$5)*(B$2:B$581=8)),1)),"")} -> 1 | L9: {=IFERROR(INDEX(E$2:E$581,_xlfn.AGGREGATE(15,6,ROW(A$2:A$581)-1/((A$2:A$581='기인물 위험정보제공'!$C$5)*(B$2:B$581=8)),1)),"")} -> 0 | M9: {=IFERROR(INDEX(F$2:F$581,_xlfn.AGGREGATE(15,6,ROW(A$2:A$581)-1/((A$2:A$581='기인물 위험정보제공'!$C$5)*(B$2:B$581=8)),1)),"")} -> 0
A10: 각재(파이프,강관,합판) | B10: 9 | C10: 4.8 판넬 등 외부마감 작업 | D10: 2 | G10: ▶ 내진보강을 위한 ㄷ형강 설치 등 중량물 취급작업 시 제원파악이 가능한 출처분명의 앵커볼트를 사용 ▶ 천장부위 해체 시 ㄷ형강의 길이고려 등을 통해 양중 중 발생할 수 있는 낙하 및 전도 방지 | H10: {=IF(OR(A10="",E10=""),"",SUMPRODUCT(($A$2:$A$581=A10)*($B$2:$B$581<B10)*$I$2:$I$581))} | I10: =IF(OR(A10="",E10="",NOT(ISNUMBER(F10))),0,MIN(F10,5)) -> 0 | J10: {=IFERROR(INDEX(C$2:C$581,_xlfn.AGGREGATE(15,6,ROW(A$2:A$581)-1/((A$2:A$581='기인물 위험정보제공'!$C$5)*(B$2:B$581=9)),1)),"")} -> 2.4 콘크리트 작업 | K10: {=IFERROR(INDEX(D$2:D$581,_xlfn.AGGREGATE(15,6,ROW(A$2:A$581)-1/((A$2:A$581='기인물 위험정보제공'!$C$5)*(B$2:B$581=9)),1)),"")} -> 1 | L10: {=IFERROR(INDEX(E$2:E$581,_xlfn.AGGREGATE(15,6,ROW(A$2:A$581)-1/((A$2:A$581='기인물 위험정보제공'!$C$5)*(B$2:B$581=9)),1)),"")} -> 0 | M10: {=IFERROR(INDEX(F$2:F$581,_xlfn.AGGREGATE(15,6,ROW(A$2:A$581)-1/((A$2:A$581='기인물 위험정보제공'!$C$5)*(B$2:B$581=9)),1)),"")} -> 0
A11: 각재(파이프,강관,합판) | B11: 10 | C11: 5.2 기계설비 작업 | D11: 2 | G11: ▶ 비계, 작업발판 등에는 재료, 공구 등 낙하물 방치되지 않도록 관리 ▶ 근로자 개인보호구, 안전대 체결여부 점검 및 관리감독 | H11: {=IF(OR(A11="",E11=""),"",SUMPRODUCT(($A$2:$A$581=A11)*($B$2:$B$581<B11)*$I$2:$I$581))} | I11: =IF(OR(A11="",E11="",NOT(ISNUMBER(F11))),0,MIN(F11,5)) -> 0 | J11: {=IFERROR(INDEX(C$2:C$581,_xlfn.AGGREGATE(15,6,ROW(A$2:A$581)-1/((A$2:A$581='기인물 위험정보제공'!$C$5)*(B$2:B$581=10)),1)),"")} -> 4.2 방수 작업 | K11: {=IFERROR(INDEX(D$2:D$581,_xlfn.AGGREGATE(15,6,ROW(A$2:A$581)-1/((A$2:A$581='기인물 위험정보제공'!$C$5)*(B$2:B$581=10)),1)),"")} -> 1 | L11: {=IFERROR(INDEX(E$2:E$581,_xlfn.AGGREGATE(15,6,ROW(A$2:A$581)-1/((A$2:A$581='기인물 위험정보제공'!$C$5)*(B$2:B$581=10)),1)),"")} -> 0 | M11: {=IFERROR(INDEX(F$2:F$581,_xlfn.AGGREGATE(15,6,ROW(A$2:A$581)-1/((A$2:A$581='기인물 위험정보제공'!$C$5)*(B$2:B$581=10)),1)),"")} -> 0
A12: 개구부(기타개구부) | B12: 1 | C12: 4.6 창호 및 유리 작업 | D12: 8 | E12: 떨어짐 | F12: 67 | G12: ▶ 추락 위험 구간 접근금지 표지 설치 ▶ 개구부 덮개 설치 및 위험표지 부착 | H12: {=IF(OR(A12="",E12=""),"",SUMPRODUCT(($A$2:$A$581=A12)*($B$2:$B$581<B12)*$I$2:$I$581))} -> 0 | I12: =IF(OR(A12="",E12="",NOT(ISNUMBER(F12))),0,MIN(F12,5)) -> 5
A13: 개구부(기타개구부) | B13: 2 | C13: 12.7 기타(작업환경, 청소 등) | D13: 7 | G13: ▶ 추락 위험이 있는 장소에 방호조치를 가진 안전울(안전난간), 추락방망 등을 설치 및 개구부 표시 조치 ▶ 측량을 위해 개구부 덮개를 제거할 시 측량작업에 영향이 없는 안전울(안전난간)을 제작 및 설치 | H13: {=IF(OR(A13="",E13=""),"",SUMPRODUCT(($A$2:$A$581=A13)*($B$2:$B$581<B13)*$I$2:$I$581))} | I13: =IF(OR(A13="",E13="",NOT(ISNUMBER(F13))),0,MIN(F13,5)) -> 0
A14: 개구부(기타개구부) | B14: 3 | C14: 12.2 안전가시설 작업 | D14: 6 | G14: ▶ 개구부 등 추락단부 안전난간대 설치 등 추락방호조치 실시 ▶ 불가피한 사유로 안전난간대 해체해야하는 경우 안전대부착설비 설치 및 안전대 체결 후 작업 | H14: {=IF(OR(A14="",E14=""),"",SUMPRODUCT(($A$2:$A$581=A14)*($B$2:$B$581<B14)*$I$2:$I$581))} | I14: =IF(OR(A14="",E14="",NOT(ISNUMBER(F14))),0,MIN(F14,5)) -> 0
A15: 개구부(기타개구부) | B15: 4 | C15: 2.1 거푸집 작업 | D15: 6 | G15: ▶ 개구부 등 추락단부 안전난간대 설치 등 추락방호조치 실시 ▶ 근로자의 개인보호구, 안전대 체결여부 점검 및 관리감독 | H15: {=IF(OR(A15="",E15=""),"",SUMPRODUCT(($A$2:$A$581=A15)*($B$2:$B$581<B15)*$I$2:$I$581))} | I15: =IF(OR(A15="",E15="",NOT(ISNUMBER(F15))),0,MIN(F15,5)) -> 0
A16: 개구부(기타개구부) | B16: 5 | C16: 2.4 콘크리트 작업 | D16: 6 | G16: ▶ 추락방호망, 안전대 부착설비 설치, 근로자의 안전대 체결 등 안전방호조치 실시 ▶ 근로자의 개인보호구, 안전대 체결여부 점검 및 관리감독 | H16: {=IF(OR(A16="",E16=""),"",SUMPRODUCT(($A$2:$A$581=A16)*($B$2:$B$581<B16)*$I$2:$I$581))} | I16: =IF(OR(A16="",E16="",NOT(ISNUMBER(F16))),0,MIN(F16,5)) -> 0
A17: 개구부(기타개구부) | B17: 6 | C17: 5.2 기계설비 작업 | D17: 5 | G17: ▶ 창호 개구부 등 추락의 위험이 있는 장소에는 안전난간대 설치 또는 수직형 추락방망 등 추락방지용 안전시설물을 설치하여 근로자 추락을 예방 ▶ 설치된 안전시설물에 대해 유지관리하고, 임의 해체 예방을 위한 관리감독 | H17: {=IF(OR(A17="",E17=""),"",SUMPRODUCT(($A$2:$A$581=A17)*($B$2:$B$581<B17)*$I$2:$I$581))} | I17: =IF(OR(A17="",E17="",NOT(ISNUMBER(F17))),0,MIN(F17,5)) -> 0
A18: 개구부(기타개구부) | B18: 7 | C18: 12.1 철거, 해체 | D18: 4 | G18: ▶ 추락위험 장소에서 임시로 안전난간 해체 시 추락방호망 등 추가 안전조치 실시 ▶ 추락방호망 등의 설치가 곤란할 경우 안전대 부착설비 설치 및 안전대 착용 | H18: {=IF(OR(A18="",E18=""),"",SUMPRODUCT(($A$2:$A$581=A18)*($B$2:$B$581<B18)*$I$2:$I$581))} | I18: =IF(OR(A18="",E18="",NOT(ISNUMBER(F18))),0,MIN(F18,5)) -> 0
A19: 개구부(기타개구부) | B19: 8 | C19: 3.1 철골 작업 | D19: 4 | G19: ▶ 추락 위험이 있는 작업 시, 낙하물방지망, 쌍줄비계의 작업발판, 안전난간 등 안전방호조치 실시 ▶ 작업 전 안전대 지급 및 착용, 체결상태 관리 | H19: {=IF(OR(A19="",E19=""),"",SUMPRODUCT(($A$2:$A$581=A19)*($B$2:$B$581<B19)*$I$2:$I$581))} | I19: =IF(OR(A19="",E19="",NOT(ISNUMBER(F19))),0,MIN(F19,5)) -> 0
A20: 개구부(기타개구부) | B20: 9 | C20: 4.1 조적, 미장 및 견출작업 | D20: 3 | G20: ▶ 단부 등 추락 가능성이 있는 장소에 대해 조립식 안전난간 설치 ▶ 임시로 난간 등을 해체하여야 하는 경우 해당 구간에 추락방호망 설치 ▶ 추락방호망 설치가 곤란한 경우 안전대 착용 등 추락 방지 조치 수행 | H20: {=IF(OR(A20="",E20=""),"",SUMPRODUCT(($A$2:$A$581=A20)*($B$2:$B$581<B20)*$I$2:$I$581))} | I20: =IF(OR(A20="",E20="",NOT(ISNUMBER(F20))),0,MIN(F20,5)) -> 0
A21: 개구부(기타개구부) | B21: 10 | C21: 4.7 수장 작업 | D21: 3 | G21: ▶ 개구부는 안전난간, 울타리 또는 덮개 등의 방호조치 실시 ▶ 덮개를 설치하는 경우 뒤집히거나 떨어지지 않도록 설치 및 개구부임을 표시 ▶ 높이 2m 이상에서 작업 시 추락방지를 위해 안전대 부착설비 설치 및 안전대 착용 | H21: {=IF(OR(A21="",E21=""),"",SUMPRODUCT(($A$2:$A$581=A21)*($B$2:$B$581<B21)*$I$2:$I$581))} | I21: =IF(OR(A21="",E21="",NOT(ISNUMBER(F21))),0,MIN(F21,5)) -> 0
A22: 개구부(바닥개구부) | B22: 1 | C22: 2.1 거푸집 작업 | D22: 12 | E22: 떨어짐 | F22: 80 | G22: ▶ 기초 굴착부에 PE드럼 및 로프를 설치하며 PE 드럼이 안전난간의 역할을 수행할 수 있게 안에 중량물(물, 모래, 흙 등)을 채움 ▶ 교각 기초굴착 단부에 근로자가 추락할 위험이 있는 경우 충분한 강도가 지닌 안전난간 등의 추락방지 조치 실시 | H22: {=IF(OR(A22="",E22=""),"",SUMPRODUCT(($A$2:$A$581=A22)*($B$2:$B$581<B22)*$I$2:$I$581))} -> 0 | I22: =IF(OR(A22="",E22="",NOT(ISNUMBER(F22))),0,MIN(F22,5)) -> 5
A23: 개구부(바닥개구부) | B23: 2 | C23: 5.2 기계설비 작업 | D23: 9 | G23: ▶ 개구부 등 추락단부 안전난간대 설치 등 추락방호조치 실시 ▶ 근로자의 개인보호구, 안전대 체결여부 점검 및 관리감독 | H23: {=IF(OR(A23="",E23=""),"",SUMPRODUCT(($A$2:$A$581=A23)*($B$2:$B$581<B23)*$I$2:$I$581))} | I23: =IF(OR(A23="",E23="",NOT(ISNUMBER(F23))),0,MIN(F23,5)) -> 0
A24: 개구부(바닥개구부) | B24: 3 | C24: 3.1 철골 작업 | D24: 8 | G24: ▶ 근로자 추락 위험이 있는 장소에 안전대 부착 설비 설치, 안전대 착용 등 추락방지 조치 실시 ▶ 스틸 그레이팅 덮개 개방시 근로자가 직접 하는 것이 아닌 이동식 크레인 등 인양장비를 이용하여 Belt Sling 등 사용 | H24: {=IF(OR(A24="",E24=""),"",SUMPRODUCT(($A$2:$A$581=A24)*($B$2:$B$581<B24)*$I$2:$I$581))} | I24: =IF(OR(A24="",E24="",NOT(ISNUMBER(F24))),0,MIN(F24,5)) -> 0
A25: 개구부(바닥개구부) | B25: 4 | C25: 4.8 판넬 등 외부마감 작업 | D25: 8 | G25: ▶ 추락을 방지하기 위한 안전대 체결 ▶ 개구부 덮개 설치 및 위험표지 부착 | H25: {=IF(OR(A25="",E25=""),"",SUMPRODUCT(($A$2:$A$581=A25)*($B$2:$B$581<B25)*$I$2:$I$581))} | I25: =IF(OR(A25="",E25="",NOT(ISNUMBER(F25))),0,MIN(F25,5)) -> 0
A26: 개구부(바닥개구부) | B26: 5 | C26: 4.1 조적, 미장 및 견출작업 | D26: 7 | G26: ▶ 방지하기 위한 안전대 착용 ▶ 개구부 덮개 설치 및 위험표지 부착 | H26: {=IF(OR(A26="",E26=""),"",SUMPRODUCT(($A$2:$A$581=A26)*($B$2:$B$581<B26)*$I$2:$I$581))} | I26: =IF(OR(A26="",E26="",NOT(ISNUMBER(F26))),0,MIN(F26,5)) -> 0
A27: 개구부(바닥개구부) | B27: 6 | C27: 12.7 기타(작업환경, 청소 등) | D27: 6 | G27: ▶ 추락 위험이 있는 곳에 근로자 출입 통제 ▶ 엘리베이터 피트에 난간 설치 및 추락방호망 설치 | H27: {=IF(OR(A27="",E27=""),"",SUMPRODUCT(($A$2:$A$581=A27)*($B$2:$B$581<B27)*$I$2:$I$581))} | I27: =IF(OR(A27="",E27="",NOT(ISNUMBER(F27))),0,MIN(F27,5)) -> 0
A28: 개구부(바닥개구부) | B28: 7 | C28: 12.2 안전가시설 작업 | D28: 5 | G28: ▶ 개구부로 근로자가 추락할 위험이 있는 장소에 덮개를 뒤집히거나 떨어지지 않도록 설치 ▶ 덮개해체 시 안전방망 설치 또는 근로자에게 안전대를 지급하여 착용 및 부착설비에 걸고 작업 실시 | H28: {=IF(OR(A28="",E28=""),"",SUMPRODUCT(($A$2:$A$581=A28)*($B$2:$B$581<B28)*$I$2:$I$581))} | I28: =IF(OR(A28="",E28="",NOT(ISNUMBER(F28))),0,MIN(F28,5)) -> 0
A29: 개구부(바닥개구부) | B29: 8 | C29: 5.1 전기 설비 작업 | D29: 5 | G29: ▶ 갱폼 작업발판과 구조물 사이 개구부가 발생하여 추락위험 장소에는 안전방망 설치 ▶ 갱폼 작업발판에 개구부가 발생한 경우 즉시 덮개 설치 등 방호조치 실시 ▶ 개구부에 난간 등 설치가 어려운 경우 근로자에게 안전대를 착용토록 하고 안전대 부착 설비 설치 | H29: {=IF(OR(A29="",E29=""),"",SUMPRODUCT(($A$2:$A$581=A29)*($B$2:$B$581<B29)*$I$2:$I$581))} | I29: =IF(OR(A29="",E29="",NOT(ISNUMBER(F29))),0,MIN(F29,5)) -> 0
A30: 개구부(바닥개구부) | B30: 9 | C30: 4.2 방수 작업 | D30: 3 | G30: ▶ 추락 위험이 있는 장소에 비계조립으로 작업발판 설치 ▶ 작업발판 설치가 곤란할 시 추락방호망 설치 ▶ 안전대 지급 및 체결 ▶ 바닥에 설치되는 개구부 덮개는 식별이 가능하도록 표시함 | H30: {=IF(OR(A30="",E30=""),"",SUMPRODUCT(($A$2:$A$581=A30)*($B$2:$B$581<B30)*$I$2:$I$581))} | I30: =IF(OR(A30="",E30="",NOT(ISNUMBER(F30))),0,MIN(F30,5)) -> 0
A31: 개구부(바닥개구부) | B31: 10 | C31: 4.4 도장작업 | D31: 3 | G31: ▶ 주락 위험이 있는 개구부 및 개구부 주변에 수직망, 안전난간 설치, 개구부 표시 등 추락위험 방지조치 실시하여 작업자의 접근을 금지하도록 조치 ▶ 추락위험 방지조치가 되어있지 않은 DA 개구부 및 개구부 주변에서 불가피하게 작업을 해야 하는 경우, 안전대 부착설비, 안전난간대 등을 설치한 후, 안전대를 체결하여 작업진행거나 합판, 철제 덮개 등으로 개구부를 단단히 고정한 후 작업진행 | H31: {=IF(OR(A31="",E31=""),"",SUMPRODUCT(($A$2:$A$581=A31)*($B$2:$B$581<B31)*$I$2:$I$581))} | I31: =IF(OR(A31="",E31="",NOT(ISNUMBER(F31))),0,MIN(F31,5)) -> 0
A32: 거푸집 | B32: 1 | C32: 2.1 거푸집 작업 | D32: 60 | E32: 떨어짐 | F32: 50 | G32: ▶ 거푸집 전도방지를 위한 버팀대 또는 지지대 설치 ▶ 거푸집 조립 후 인양하여 설치하는 경우 전도방지를 위해 안전대책(버팀대와 당김줄 등 설치) 수립 | H32: {=IF(OR(A32="",E32=""),"",SUMPRODUCT(($A$2:$A$581=A32)*($B$2:$B$581<B32)*$I$2:$I$581))} -> 0 | I32: =IF(OR(A32="",E32="",NOT(ISNUMBER(F32))),0,MIN(F32,5)) -> 5
A33: 거푸집 | B33: 2 | C33: 2.2 갱폼 작업 | D33: 9 | E33: 깔림 뒤집힘 | F33: 13 | G33: ▶ 자재 일부 거치작업시 안전한 각도 유지 및 버팀대 또는 지지대 설치 ▶ 통로 주요 부분에 통로 표시 및 장애물 제거 ▶ 장애물 제거가 어려운 경우 버팀대 및 밀림방지 목재 등을 고정 | H33: {=IF(OR(A33="",E33=""),"",SUMPRODUCT(($A$2:$A$581=A33)*($B$2:$B$581<B33)*$I$2:$I$581))} -> 5 | I33: =IF(OR(A33="",E33="",NOT(ISNUMBER(F33))),0,MIN(F33,5)) -> 5
A34: 거푸집 | B34: 3 | C34: 2.4 콘크리트 작업 | D34: 5 | E34: 맞음 | F34: 9 | G34: ▶ 벽체, 보, 거푸집 등의 조립작업 시 발생하는 작업하중 및 그 밖의 외력에 대해 견딜 수 있도록 버팀 지지대 설치 등 전도방지조치 실시 ▶ 수벽 보 거푸집 인양 시 상부의 작업하중 등으로 발생하는 수평력을 견딜 수 있는 지지버팀대 설치 후 줄걸이 해체 | H34: {=IF(OR(A34="",E34=""),"",SUMPRODUCT(($A$2:$A$581=A34)*($B$2:$B$581<B34)*$I$2:$I$581))} -> 10 | I34: =IF(OR(A34="",E34="",NOT(ISNUMBER(F34))),0,MIN(F34,5)) -> 5
A35: 거푸집 | B35: 4 | C35: 12.2 안전가시설 작업 | D35: 1 | E35: 절단 베임 찔림 | F35: 4 | G35: ▶ 중량물(5kg 이상)을 인양하는 경우 무게중심 표시 및 2줄걸이 하여 균형상실 방지 ▶ 추락 및 넘어질 위험이 있는 장소에 작업발판 및 안전난간 설치 | H35: {=IF(OR(A35="",E35=""),"",SUMPRODUCT(($A$2:$A$581=A35)*($B$2:$B$581<B35)*$I$2:$I$581))} -> 15 | I35: =IF(OR(A35="",E35="",NOT(ISNUMBER(F35))),0,MIN(F35,5)) -> 4
A36: 거푸집 | B36: 5 | C36: 12.7 기타(작업환경, 청소 등) | D36: 1 | E36: 끼임 | F36: 3 | G36: ▶ 거푸집 조립 작업을 위한 강관비계, 이동식비계 등의 작업발판 설치 ▶ 추락 방지를 위해 안전대 부착설비 설치 및 안전대 착용 등 추락방지조치 실시 | H36: {=IF(OR(A36="",E36=""),"",SUMPRODUCT(($A$2:$A$581=A36)*($B$2:$B$581<B36)*$I$2:$I$581))} -> 19 | I36: =IF(OR(A36="",E36="",NOT(ISNUMBER(F36))),0,MIN(F36,5)) -> 3
A37: 거푸집 | B37: 6 | C37: 4.1 조적, 미장 및 견출작업 | D37: 1 | E37: 무너짐 | F37: 1 | G37: ▶ 거푸집동바리 조립 시 조립도에 적합한 동바리 설치 및 거푸집 보 고정완료 상태에서 크레인 슬링벨트 해체 ▶ 2m 이상 고소작업이 빈번한 작업자에 대해 안전대 지급 및 안전대 부착설비 설치 | H37: {=IF(OR(A37="",E37=""),"",SUMPRODUCT(($A$2:$A$581=A37)*($B$2:$B$581<B37)*$I$2:$I$581))} -> 22 | I37: =IF(OR(A37="",E37="",NOT(ISNUMBER(F37))),0,MIN(F37,5)) -> 1
A38: 거푸집 | B38: 7 | C38: 5.1 전기 설비 작업 | D38: 1 | G38: ▶ 동바리 상부 등 추락위험이 있는 장소에는 비계 등의 설치를 통한 작업발판 및 안전난간 설치 ▶ 동바리 상부에서 작업발판 설치 시 추락 위험 방지를 위해 추락방지망 등 설치 ▶ 추락위험이 있는 장소에서 작업 시 안전대 부착설비 설치 및 안전대 착용 | H38: {=IF(OR(A38="",E38=""),"",SUMPRODUCT(($A$2:$A$581=A38)*($B$2:$B$581<B38)*$I$2:$I$581))} | I38: =IF(OR(A38="",E38="",NOT(ISNUMBER(F38))),0,MIN(F38,5)) -> 0
A39: 거푸집 | B39: 8 | C39: 8.1 슬립폼(슬라이딩폼) 작업 | D39: 1 | G39: ▶ 작업발판 위에서 거푸집 조립 작업 시 충분한 강도의 안전난간 설치 ▶ 안전난간의 설치가 곤란할 경우 안전대 부착설비 설치 및 안전대 착용 | H39: {=IF(OR(A39="",E39=""),"",SUMPRODUCT(($A$2:$A$581=A39)*($B$2:$B$581<B39)*$I$2:$I$581))} | I39: =IF(OR(A39="",E39="",NOT(ISNUMBER(F39))),0,MIN(F39,5)) -> 0
A40: 거푸집 | B40: 9 | C40: 8.2 강교 설치 작업 | D40: 1 | G40: ▶ 추락 방지를 위해 안전대 부착설비 설치 및 안전대 착용 등 추락방지조치 실시 ▶ 타워크레인 작업 시 타워크레인마다 작업자와 신호교육을 이수한 신호업무 담당자 각각 배치 | H40: {=IF(OR(A40="",E40=""),"",SUMPRODUCT(($A$2:$A$581=A40)*($B$2:$B$581<B40)*$I$2:$I$581))} | I40: =IF(OR(A40="",E40="",NOT(ISNUMBER(F40))),0,MIN(F40,5)) -> 0
A41: 거푸집 | B41: 10 | G41: ▶ 거푸집을 설치 할 경우 자중 또는 외력에 의해 넘어지지 않도록 견고한 구조의 버팀대 또는 지지대를 설치 ▶ 벽체거푸집 조립 시 구조에 대해 자중, 풍하중, 작업하중 등에 의한 수평방향 하중에 대해 구조검토 후 부재의 재질, 간격, 고정방법 등이 포함된 조립도를 작성 ▶ 거푸집 조립 시 긴결재, 버팀대 또는 지지대 설치 등 전도방지조치 실행 | H41: {=IF(OR(A41="",E41=""),"",SUMPRODUCT(($A$2:$A$581=A41)*($B$2:$B$581<B41)*$I$2:$I$581))} | I41: =IF(OR(A41="",E41="",NOT(ISNUMBER(F41))),0,MIN(F41,5)) -> 0
A42: 굴착기 | B42: 1 | C42: 11.4 맨홀 및 관부설작업 | D42: 19 | E42: 깔림 뒤집힘 | F42: 36 | G42: ▶ 중량물 인양시 Sling rope 각도에 따른 안전하중 값을 고려해 줄걸이 안전수칙 준수 ▶ 양중용 달기구의 변형 여부 사전점검 실시 ▶ 자재 인양에 적합한 기계장비 사용 | H42: {=IF(OR(A42="",E42=""),"",SUMPRODUCT(($A$2:$A$581=A42)*($B$2:$B$581<B42)*$I$2:$I$581))} -> 0 | I42: =IF(OR(A42="",E42="",NOT(ISNUMBER(F42))),0,MIN(F42,5)) -> 5
A43: 굴착기 | B43: 2 | C43: 1.1 굴착 작업 | D43: 13 | E43: 부딪힘 접촉 | F43: 25 | G43: ▶ 굴삭기 등 건설기계를 사용하여 하천 내 보 파쇄작업 등을 하는 경우, 수심, 지형 및 지반 등의 상태점검 실시하며 그에 따른 작업경로 및 방법 등의 계획수립 ▶ 굴삭기 등 건설기계를 사용하여 하천 내 보 파쇄작업 등을 하는 경우, 흙탕물 발생 등으로 인해 수심아래 지형을 파악할 수 없는 경우에 대비하여 사전에 웨빙띠를 사용하여 단차가 있는 작업 반경을 표시하고 운전자가 후사경 및 후방카메라 등으로 확인이 가능하도록 조치 | H43: {=IF(OR(A43="",E43=""),"",SUMPRODUCT(($A$2:$A$581=A43)*($B$2:$B$581<B43)*$I$2:$I$581))} -> 5 | I43: =IF(OR(A43="",E43="",NOT(ISNUMBER(F43))),0,MIN(F43,5)) -> 5
A44: 굴착기 | B44: 3 | C44: 11.1 부대 토목 작업 | D44: 9 | E44: 맞음 | F44: 13 | G44: ▶ 차량계 건설기계에 의한 작업 시 근로자 출입 통제 및 유도자 배치 ▶ 차량계 건설기계 이동 시 작업경로 및 방법 등의 계획수립 ▶ 차량계 건설기계 작업 시 후방카메라의 작동유무 파악, 후사경 각도 조절 등 운전자의 시야 확보 실시 | H44: {=IF(OR(A44="",E44=""),"",SUMPRODUCT(($A$2:$A$581=A44)*($B$2:$B$581<B44)*$I$2:$I$581))} -> 10 | I44: =IF(OR(A44="",E44="",NOT(ISNUMBER(F44))),0,MIN(F44,5)) -> 5
